Country Name,1960,1961,1962,1963,1964,1965,1966,1967,1968,1969,1970,1971,1972,1973,1974,1975,1976,1977,1978,1979,1980,1981,1982,1983,1984,1985,1986,1987,1988,1989,1990,1991,1992,1993,1994,1995,1996,1997,1998,1999,2000,2001,2002,2003,2004,2005,2006,2007,2008,2009,2010,2011,2012,2013,2014,2015,Average
Afghanistan,,356.5,350.6,345,339.7,334.1,328.7,323.3,318.1,313,307.8,302.1,296.4,290.8,284.9,279.4,273.6,267.8,261.6,255.5,249.1,242.7,236.2,229.7,222.9,216,209.2,202.1,195,187.8,181,174.2,167.8,162,156.8,152.3,148.6,145.5,142.6,139.9,137,133.8,130.3,126.8,123.2,119.6,116.3,113.2,110.4,107.6,105,102.3,99.5,96.7,93.9,91.1,91.1
Arab World,249.3602248,241.9929445,236.4965356,241.3065209,234.4430505,227.9244187,221.7696222,215.8872513,210.2638132,204.7737933,199.6166276,194.4015036,187.5188265,181.5520145,175.275756,167.9252035,160.974603,153.7929544,146.5378567,139.2770651,131.9475076,124.5177418,117.0562334,112.7874572,105.9565466,99.72888058,94.36897051,89.80372369,85.96933483,82.77491276,80.00945465,77.59969992,75.34190558,73.28555647,71.27951034,69.3767146,67.50939984,65.74535427,63.94597792,62.19083836,60.41298861,58.62792927,56.85263894,55.08782173,53.34421135,51.64207454,49.90845331,48.17508862,46.38904897,44.67246774,42.99430548,41.51584812,40.19674209,38.96433979,37.78932047,36.76414509,143.062185
United Arab Emirates,204.6,193.8,183.3,172.7,162.2,151.3,140.4,129.4,118.6,108.2,98.4,89.1,80.6,72.8,65.8,59.4,53.5,48.2,43.4,39,35.2,31.9,29,26.5,24.4,22.7,21.1,19.7,18.5,17.4,16.5,15.6,14.8,14.2,13.6,13,12.6,12.2,11.8,11.5,11.1,10.9,10.6,10.3,10.1,9.8,9.6,9.4,9.1,8.8,8.5,8.2,7.8,7.4,7.1,6.8,105.7
Argentina,,,,,,,,,,73.2,72.4,71.5,70.4,68.8,66.6,63.8,60.2,55.9,51.4,47,43.1,40,37.6,35.8,34.4,33.1,31.9,30.8,29.7,28.6,27.6,26.6,25.7,24.8,24.1,23.4,22.7,22,21.4,20.8,20.2,19.7,19.2,18.6,17.9,17.1,16.4,15.8,15.4,15,14.6,14.2,13.8,13.3,12.9,12.5,12.5
Australia,24.9,24.3,23.7,23.2,22.7,22.4,22.1,22,21.9,21.7,21.4,20.9,20.2,19.3,18.4,17.3,16.2,15.3,14.4,13.6,13,12.6,12.2,11.9,11.6,11.3,11,10.6,10.2,9.7,9.2,8.6,8.1,7.7,7.3,7,6.8,6.6,6.5,6.4,6.2,6.1,6,6,5.9,5.7,5.6,5.4,5.2,5,4.8,4.5,4.3,4.1,3.9,3.8,14.35
Austria,42.8,40.3,37.9,35.9,34.2,32.8,31.5,30.5,29.8,29.4,29.1,28.7,28,26.8,25.1,23.1,21.1,19.4,18.1,17.1,16.3,15.5,14.7,14,13.3,12.6,11.9,11.1,10.5,10,9.5,9,8.5,8,7.4,6.8,6.4,6.1,5.8,5.6,5.5,5.4,5.3,5.2,5,4.9,4.8,4.7,4.6,4.5,4.4,4.2,4,3.9,3.7,3.5,23.15
Burundi,,,,,241.6,243,244.5,245.8,246.7,247.3,247.6,247.5,247.3,247.1,246.9,246.5,245,242,236.9,230.2,221.8,212.3,202.3,192.6,184.2,177.5,172.9,170.6,170.1,170.7,171.8,172.9,173.5,173.5,172.5,170.5,167.7,164.4,160.5,156.4,152.2,147.8,143.2,138.3,133,127.1,120.9,114.5,108.6,103.5,98.8,94.9,91.2,87.8,84.6,81.7,81.7
Belgium,33.9,32.4,31.1,30,28.9,27.9,27,26.2,25.5,24.8,23.9,23,21.9,20.8,19.6,18.6,17.6,16.7,15.9,15.2,14.5,13.9,13.3,12.7,12.2,11.8,11.4,11,10.7,10.3,10,9.6,9.2,8.7,8.2,7.6,7.1,6.7,6.3,6,5.8,5.6,5.4,5.2,5.1,5,4.9,4.8,4.7,4.6,4.5,4.4,4.3,4.3,4.2,4.1,19
Benin,314,309.2,303.9,298.2,292.5,286.9,281.4,276.9,272.8,269,265.5,261.8,257.8,253.4,248.3,242.7,237,231.3,226.1,221.5,217.4,213.7,210.2,206.8,203.3,199.7,196.1,192.2,188.1,183.9,179.5,175,170.4,166.2,162.4,159.1,156.2,153.6,150.9,147.9,144.7,141.1,137.1,133.1,129.2,125.5,122.1,119,116.3,113.9,111.6,109.3,107,104.8,102.1,99.5,206.75
Burkina Faso,347.6,343.1,338.7,334.5,331,328,325.2,322.9,321.4,320.1,319.1,317.3,313.9,307.9,299.2,288.5,277,265.7,255.8,247.8,241.2,236.1,231.8,227.8,223.7,219.2,214.4,209.6,205.8,203.4,202.2,201.8,202.1,202,201.1,199.4,197,194,191.3,188.5,185.7,182.4,178.3,173.1,166.3,158.3,149.4,139.9,130.4,121.4,113.5,106.9,101.4,96.6,92.4,88.6,218.1
Bangladesh,264.3,257.5,251.3,245.6,240.4,236,232.3,229.4,227.1,225.4,224.1,223,222,220.7,219.1,217.1,214.5,211.2,207.4,203.3,198.9,194.2,189.4,184.4,179.1,173.5,167.7,161.8,155.8,149.7,143.7,137.7,131.7,125.8,119.9,114.2,108.6,103.2,97.9,92.8,88,83.5,79,74.8,70.7,66.8,63,59.4,55.9,52.6,49.6,46.7,44,41.6,39.5,37.6,150.95
Bulgaria,,,,46.7,45.7,44.9,44.4,43.9,42.7,40.8,38.8,37.3,36.3,35.6,34.9,34.3,33.5,32.5,31.3,30,28.7,27.6,26.6,25.7,24.7,23.6,22.5,21.7,21.3,21.5,22.1,22.6,22.9,23.1,23.1,23.1,23.1,23.1,22.8,22,21,20.1,19.2,18.1,17,15.9,15,14.2,13.7,13.3,13,12.6,12,11.5,10.9,10.4,10.4
Bahrain,200,183.1,167.2,152.6,138.9,126.3,114.7,104,94.1,85,76.8,69.3,62.7,56.9,51.8,47.4,43.6,40.2,37.2,34.6,32.3,30.3,28.6,27.2,25.9,24.9,24.2,23.6,23.3,23.2,23,22.7,22,21,19.6,18.1,16.6,15.2,14.1,13.2,12.6,12.1,11.8,11.5,11.2,10.9,10.5,10,9.4,8.8,8.3,7.8,7.3,6.9,6.5,6.2,103.1
"Bahamas, The",,,,,,,,,29.4,30,30.6,31.2,31.7,32.1,32.2,32.2,31.9,31.5,31,30.5,29.9,29.4,28.9,28.6,28.2,27.9,27.3,26.5,25.6,24.6,23.5,22.5,21.6,20.6,19.6,18.7,17.8,17,16.4,15.9,15.7,15.5,15.5,15.4,15.4,15.3,15.1,14.8,14.5,14.2,13.9,13.5,13.2,12.8,12.4,12.1,12.1
Belize,,,,,,,,109.9,105.5,101.3,97.3,93.5,89.7,86.3,83,79.9,77,74.2,71.4,68.9,66.4,63.9,61.4,58.9,56.2,53.5,50.6,47.7,44.9,42.2,39.6,37.2,35,33.1,31.5,30.1,28.8,27.8,26.7,25.8,25,24.2,23.5,22.8,22.2,21.7,21.2,20.6,20.1,19.5,19,18.5,18,17.5,17,16.5,16.5
Bolivia,287.1,281.4,276.1,270.8,265.4,260.1,254.5,248.8,243,237.1,231.3,225.3,219.1,212.8,206.4,200.1,193.9,187.9,182.1,176.6,171.6,166.8,162.3,157.8,153.2,148.5,143.8,138.9,134,129.2,124.4,119.7,115.2,110.7,106.2,101.8,97.5,93.1,88.7,84.4,80.2,76.2,72.2,68.5,64.8,61.4,58.1,54.9,52,49.3,47,44.9,43.1,41.3,39.8,38.4,162.75
Brazil,171.9,167.2,162.7,158.4,154.5,150.7,147.2,143.9,140.5,137,133.5,129.8,126.1,122.5,118.9,115.3,111.7,107.9,104,99.7,95.3,90.8,86.5,82.4,78.6,75.1,71.9,68.8,66,63.4,60.8,58.2,55.4,52.5,49.4,46.3,43.2,40.2,37.2,34.5,32,29.6,27.4,25.4,23.6,21.9,20.4,19.2,18.1,17.2,16.6,16.2,16,16,16.2,16.4,94.15
Barbados,83.6,78,73.2,68.7,64.7,61.3,58.2,55.5,53,50.5,48.1,45.8,43.4,41.1,38.9,36.7,34.6,32.6,30.6,28.9,27.2,25.8,24.6,23.6,22.8,22,21.2,20.4,19.5,18.7,17.9,17.2,16.6,16.1,15.7,15.5,15.4,15.5,15.7,16,16.3,16.6,16.8,16.8,16.7,16.5,16.2,15.8,15.4,15.1,14.7,14.4,14.1,13.7,13.3,13,48.3
Bhutan,,,,,,,,,,278.6,271.5,264.2,256.7,249.5,242.4,235.5,228.4,221.3,214.1,206.9,199.8,193,185.9,178.9,172.1,165.2,158.8,152.2,145.9,139.8,133.7,127.8,122,116.4,110.8,105.3,99.8,94.5,89.4,84.4,79.6,75,70.6,66.4,62.3,58.5,54.8,51.3,48.1,45.1,42.3,39.9,37.8,36,34.4,32.9,32.9
Botswana,169.6,164.1,158.9,153.7,148.8,144,139.5,134.9,130.3,125.7,121,116.2,111.2,106.2,101.2,96.1,91.1,86.2,81.6,77.1,72.9,69.1,65.6,62.3,59.5,57.1,55.1,53.7,53,53.1,54.2,56.4,59.1,62.4,66.1,69.9,73.5,76.5,79,82,82.9,81.6,79.8,78.1,75.8,69,63.4,62.6,61.7,57.3,53.5,51.8,49.5,46.6,44.8,43.6,106.6
Central African Republic,283.7,278.1,272.6,266.5,260.4,253.9,247.1,240.7,234.2,228.2,222.5,217.1,212.1,207.5,203.3,199.3,195.7,192.3,189,186.1,183.5,181.5,180,178.9,178.2,177.8,177.4,177.2,177,176.8,176.5,176.2,176,176.1,176.4,176.7,177,176.9,176.5,175.7,174.8,173.5,171.9,170.3,168.4,166.2,163.9,161.3,158.2,154.2,150.2,146.2,142.1,138.5,134,130.1,206.9
Canada,32.6,31.6,30.5,29.4,28.2,27.1,26,25,23.9,23,22,21,19.9,19,18,17,16,15.1,14.2,13.3,12.5,11.8,11.2,10.6,10.1,9.7,9.4,9.1,8.8,8.6,8.3,8,7.7,7.4,7.2,6.9,6.7,6.5,6.4,6.3,6.2,6.2,6.2,6.1,6.1,6.1,6,5.9,5.8,5.7,5.6,5.4,5.3,5.2,5,4.9,18.75
Central Europe and the Baltics,,,,,,,,,50.54512955,48.67961797,46.42378289,44.05053158,41.82689419,39.77539677,37.97376598,36.47643414,35.06189092,33.56297079,32.08395193,30.57810604,29.4069519,27.03847812,26.22549929,25.5539838,25.01868127,24.49181118,23.96642524,23.4549568,22.9425922,22.35860098,21.69034386,21.03161647,20.39181034,19.73492793,19.00372812,18.12671552,17.23858738,16.36619437,15.49869258,14.75409516,14.07401299,13.4460904,12.85594557,12.2311639,11.58908742,10.94120287,10.23631021,9.555926187,8.948945816,8.33907928,7.846519506,7.446851763,7.115333361,6.877552059,6.677244896,6.508547634,6.508547634
Switzerland,26.5,26,25.4,24.6,23.6,22.6,21.6,20.7,19.9,19.2,18.4,17.6,16.7,15.8,14.8,13.8,12.9,12.1,11.4,10.8,10.4,10,9.7,9.4,9.2,9,8.9,8.8,8.6,8.4,8.2,7.9,7.5,7.1,6.7,6.4,6.1,6,5.8,5.7,5.6,5.6,5.5,5.3,5.2,5.1,5,4.8,4.7,4.6,4.5,4.4,4.3,4.2,4,3.9,15.2
Chile,157.3,148.5,142.3,135.8,126.8,115.9,104.5,94.1,86.2,81.7,79.6,78.4,77,74.6,70.6,64.7,57.1,48.8,41.7,36.8,33.2,30.1,27,24.6,23.1,22.4,22.1,21.9,21.4,20.4,19.1,17.7,16.4,15.1,14,13.1,12.5,12.2,12,11.5,10.9,10.3,9.8,9.5,9.3,9.1,9,8.9,8.9,8.8,8.8,8.7,8.6,8.4,8.3,8.1,82.7
China,,,,,,,,,,119.1,113.3,107.7,102.1,96.5,90.9,85.2,79.8,74.6,70,65.9,62.4,59.6,57.4,55.7,54.6,54,53.7,53.7,53.9,54,53.8,53.3,52.4,51,49.3,47.5,45.6,43.6,41.5,39.3,36.9,34.3,31.6,28.9,26.3,24,21.9,20.1,18.5,17,15.7,14.5,13.4,12.3,11.4,10.7,10.7
Cote d'Ivoire,311.2,303.4,295.7,288.6,281.4,274.6,267.9,261.2,254.8,248.1,241.4,234.4,226.8,218.6,210,201.1,192.5,184.5,177.4,171.4,166.6,162.8,159.7,157.3,155.5,154.2,153.3,152.8,152.5,152.5,152.6,152.7,152.7,152.8,152.9,152.7,152.2,151.3,149.8,147.9,145.6,142.8,139.7,136.3,132.7,128.8,125.1,121.1,116.5,112.7,109.1,105.9,102.5,99,95.5,92.6,201.9
Cameroon,281.6,275.7,271.1,267.2,262.8,257.3,250.4,242,232.3,222.5,213,204.7,198.4,194.3,192,191.1,190.9,190.4,188.7,185.8,181.6,176.3,170.1,163.4,156.6,150.2,144.7,140.7,138.1,137.2,138,140,142.8,146,149,151.8,154,155.3,155.3,153.8,150.4,145.7,140.2,134.7,129.6,125.1,120.7,116.6,112.8,109,104.8,101,97.4,93.9,90.6,87.9,184.75
"Congo, Rep.",184.4,180.2,176,172.3,168.3,163.9,159.4,155,150.9,147,143.1,139.5,135.7,132.2,129.3,126.3,123.3,120.5,117.7,114.7,111.9,109.1,106.2,103.2,100.2,97.5,95.3,93.7,92.8,92.8,93.6,95.2,97.4,100.2,103.8,107.7,111.9,116,119.3,121.4,121.6,119.7,115.6,109.8,102.9,95.3,87.4,79.9,72.6,66.1,60.6,56.1,52.6,49.6,47.1,45,114.7
Colombia,127.3,124.6,122,119.4,116.7,114,111.1,108,104.6,101.1,97.6,94,90.4,86.7,82.8,78.7,74.3,69.9,65.5,61.3,57.4,53.7,50.3,47.3,44.6,42.3,40.3,38.7,37.4,36.2,35.1,34.1,33.1,32.1,31,30,28.9,27.9,26.9,26,25.1,24.3,23.6,22.9,22.2,21.5,20.9,20.3,19.7,19.1,18.5,18,17.4,16.9,16.4,15.9,71.6
Comoros,,,,,,,,,,,227.1,221.8,217.1,212.4,207.7,202.7,197.7,192.3,186.8,181.1,175.3,169.4,163.6,157.9,152.4,147.2,142.2,137.6,133.2,129.1,125.1,121.2,117.2,113.6,110.5,107.8,105.6,104,102.7,101.8,101.1,100.8,100.8,100.4,99.4,97.8,95.7,93.5,91.2,88.5,86,83.3,80.9,78.3,75.9,73.5,73.5
Cabo Verde,,,,,,,,,,179.2,164.5,151.1,138.8,127.8,118,109.4,102.2,96.1,91.3,87.7,85.3,83.7,82.6,81.6,80.2,78.1,75.2,71.8,68.3,65.1,62.7,61,60,59.2,58.1,56.1,53,49,44.3,39.6,35.5,32.2,29.9,28.5,27.8,27.7,27.9,28.1,28.2,28.1,27.8,27.3,26.6,25.9,25.2,24.5,24.5
Costa Rica,,,,,,88.8,85,82.3,80.4,78.8,76.4,71.8,64.9,57.8,51.8,46.3,40.3,34,28.9,25.6,23.8,23.1,22.9,22.8,22.4,21.6,20.5,19.3,18.3,17.5,16.9,16.5,16.1,15.8,15.5,15.2,15,14.8,14.4,13.8,13,12.2,11.6,11,10.7,10.4,10.3,10.3,10.3,10.2,10.2,10.1,10.1,10,9.9,9.7,9.7
Caribbean small states,81.9905962,78.49737039,75.38031544,72.61155808,70.18125694,67.97799508,66.03861972,65.89146332,63.05448824,61.89216517,60.81422166,59.16476827,57.56840032,56.02700179,54.58888695,53.188883,51.79201494,50.39621317,48.98505342,47.6866797,46.38511882,45.10422473,43.86749501,43.67443094,42.25647288,41.18468547,40.10635387,39.04557601,38.01372121,36.99493056,35.89346995,34.82311822,33.82411263,32.82882332,31.87624273,30.95660646,30.07606843,29.27792797,28.46836631,27.75599817,27.0950086,26.48142025,25.91954686,25.35809408,24.83126374,24.33404949,23.89422653,23.39531369,22.91715947,22.43704575,21.96911941,21.47606347,21.03819419,20.53666367,20.04403158,19.56495945,50.77777782
Cuba,,,,47,45.9,45,44.6,44.6,44.9,45,43.6,39.9,35.4,32.2,30.7,29.4,27.2,24.5,22.3,20.9,20.2,19.8,19.7,19.5,19.1,18.5,17.5,16.3,15.2,14.2,13.3,12.4,11.6,11.1,11,10.8,10.5,10,9.4,8.8,8.4,8,7.7,7.4,7.1,6.8,6.6,6.4,6.3,6.2,6.1,6,5.8,5.7,5.6,5.5,5.5
Germany,,,,,,,,,27.2,26.4,25.7,24.9,24,23.1,22,20.8,19.5,18.3,17.1,16,15,14.1,13.2,12.5,11.8,11.1,10.6,10.1,9.5,9,8.5,8,7.6,7.2,6.8,6.5,6.2,5.9,5.7,5.5,5.4,5.2,5.1,5,4.9,4.7,4.6,4.5,4.4,4.3,4.2,4.1,4,3.9,3.8,3.7,3.7
Dominica,139,127.2,116.5,107.2,98.9,91.8,85.5,79.9,74.7,69.5,63.9,57.9,51.7,45.5,39.7,34.5,30.1,26.5,23.6,21.4,19.8,18.6,17.9,17.4,17.2,17,17,17,17,17.1,17.1,17.1,17,16.9,16.7,16.5,16.3,16,15.8,15.5,15.3,15.2,15.1,15.1,15.3,15.6,16,16.5,17.1,17.9,18.8,19.6,20.4,21,21.2,21.2,80.1
Denmark,25,24.5,23.8,23,22.1,21.1,20.1,19.1,18.1,17.4,16.6,15.8,14.9,13.9,13.1,12.3,11.6,11.1,10.6,10.3,10,9.7,9.6,9.6,9.6,9.7,9.7,9.7,9.6,9.3,8.9,8.4,7.9,7.4,6.9,6.5,6.2,6,5.8,5.7,5.6,5.5,5.4,5.3,5.1,4.9,4.7,4.5,4.3,4.2,4,3.9,3.8,3.7,3.6,3.5,14.25
Dominican Republic,147.8,145.9,143.7,141.3,138.6,135.8,132.9,130.1,127.3,124.5,121.6,118.5,115.2,111.7,108.2,104.5,100.9,97.4,94,90.7,87.5,84.3,81.3,78.3,75.5,72.7,70.1,67.5,65,62.6,60.2,57.9,55.6,53.4,51.2,49.2,47.3,45.5,43.9,42.5,41.3,40.1,39.1,38.3,37.5,36.8,36.1,35.5,34.9,34.3,33.8,33.3,32.7,32.2,31.5,30.9,89.35
Algeria,246.3,246.1,246.2,246.8,247.4,248.2,248.7,248.4,247.4,245.3,241.7,236.5,230,222.5,214.2,205,195.2,184.9,173.8,161.8,148.1,132.5,115.8,99.2,83.8,71.2,61.9,55.4,51.2,48.5,46.8,45.7,44.9,44.1,43.3,42.5,41.8,41.1,40.6,40.2,39.7,38.9,37.8,36.5,35.1,33.6,32.1,30.7,29.4,28.3,27.3,26.6,26.1,25.8,25.6,25.5,135.9
East Asia & Pacific (excluding high income),,,,,,,,,,123.1,117.9,112.8,107.8,102.9,98.1,95.3,90.8,86.6,83.5,80.1,77,74.3,71.8,69.5,67.4,65.2,63.7,62.3,61.2,60.1,59.1,57.9,56.7,55.4,53.9,52.4,50.8,49,46.9,44.7,42.3,39.9,37.4,35.1,33.8,30.8,28.9,27.4,26.9,24.5,23.3,22,20.9,19.8,18.8,18,18
Early-demographic dividend,240.0494724,234.8737666,229.9916314,221.9713396,217.5672822,213.338211,210.1966053,206.3096974,202.2110929,197.1840286,193.6368332,190.0154672,185.9564536,182.0667831,176.9583982,173.4299473,168.9762415,164.2645287,159.6558301,154.5532271,149.7057898,144.9275511,140.2997333,135.8460182,131.5145505,127.4273836,123.4516796,119.6420256,115.9513327,112.3987823,109.0755667,105.8831321,102.8675678,99.95328962,97.50465488,94.40271061,91.18269356,88.35082405,85.46658242,82.3436109,79.21953264,76.18916088,73.18933503,70.24241243,67.74884902,64.53705786,61.80787397,59.19561502,57.03518438,54.18507076,52.26034786,49.5342938,47.4209343,45.49987839,43.73014588,42.144198,141.0968352
East Asia & Pacific,,,,,,,,,,116.4108378,111.2043546,106.2275819,101.3774164,96.6747937,92.14520566,89.42317219,85.2567172,81.31301477,78.44123655,75.16889702,72.1336147,69.40806498,66.94565119,64.75095897,62.93461191,61.20967086,60.10496687,59.1509948,58.37734421,57.58045962,56.64822122,55.5442399,54.22203923,52.64449018,50.95022801,49.23506216,47.52042276,45.74734999,43.92132401,42.01469285,39.97291961,37.80118829,35.61119633,33.43943303,32.31757957,29.47317647,27.73088393,26.17024131,25.53006755,23.33077077,22.05591464,20.89264209,19.7855224,18.75625557,17.85470893,17.10728532,17.10728532
Europe & Central Asia,,,,,,,,,,,54.04395023,52.46396969,52.128598,50.68779703,49.2576249,48.6094226,47.42913202,46.72687879,45.53847153,47.61907592,45.65421455,43.45047643,42.69026939,41.15103514,39.58731328,38.1072003,36.67220188,35.31655775,34.23756746,32.97168248,32.0849316,31.38577483,30.83312132,30.20617952,29.44056483,28.50515034,27.39574797,26.24101914,25.02335407,23.80184333,22.60047099,21.40931039,20.29168806,19.21773651,18.2062285,17.30315678,16.47030605,15.70677059,15.01918885,14.37867322,13.78123415,13.22362308,12.67720333,12.19380359,11.68844654,11.24989126,11.24989126
Ecuador,179.2,174.1,169.2,164.3,159.9,155.6,151.8,148.2,144.9,141.4,138,134.3,130.3,126,121.3,116.6,111.8,107.2,102.6,98.3,93.9,89.5,85,80.7,76.6,72.7,69.1,65.7,62.6,59.7,56.9,54.1,51.5,48.8,46.3,43.9,41.6,39.6,37.7,35.9,34.4,33.1,31.9,30.9,30,29.1,28.3,27.5,26.8,26,25.2,24.5,23.7,23,22.3,21.6,100.4
"Egypt, Arab Rep.",312.8,302.9,293.1,283.5,274.8,266.9,260.3,254.8,250.2,246.4,242.9,239.4,235.2,229.7,222.9,214.7,205.7,196.2,186.6,177,167.6,158.1,148.4,138.5,128.5,118.8,110.1,102.5,96,90.6,85.9,81.7,77.5,73.3,68.9,64.6,60.4,56.5,52.8,49.5,46.5,43.8,41.4,39.2,37.3,35.6,34.1,32.7,31.4,30.2,29,27.9,26.8,25.8,24.8,24,168.4
Euro area,46.70284632,44.36954511,42.09964844,39.94936403,37.90382605,36.0867612,34.49649992,33.02630271,30.5156923,29.24305769,27.89036553,26.44803014,24.97710542,23.63393286,22.4929281,21.48392616,20.39938879,19.22372757,17.9865907,16.91735416,15.96420833,15.31190623,14.4748699,13.76816919,13.07520224,12.42173257,11.84853036,11.3400533,10.86611896,10.41770585,10.00378599,9.556777578,9.128947146,8.644376524,8.102317379,7.603413787,7.151381719,6.780341181,6.485793178,6.238456876,6.022098411,5.804550117,5.608121525,5.401003924,5.204655366,5.030201861,4.880376379,4.722330025,4.58394778,4.491830115,4.381668727,4.293748316,4.21024507,4.152791382,4.068725057,3.964782132,25.33381423
Spain,55.6,51.6,48.2,45.3,42.9,40.8,38.8,36.7,34.4,31.8,29.2,26.6,24.4,23.1,23,23.5,23.6,22.8,21.3,19.5,17.8,16.4,15.4,14.7,14,13.4,12.8,12.3,11.9,11.5,11,10.5,10.1,9.5,8.9,8.3,7.7,7.3,7,6.7,6.5,6.3,6.2,6.1,5.9,5.7,5.5,5.2,5,4.8,4.6,4.5,4.4,4.3,4.2,4.1,29.85
Ethiopia,,,,,,,242,241.5,241,241.2,241.1,241.2,241.1,241,241,241.5,242.1,242.7,243,242.8,241.6,239.3,236,232,227.6,223.4,219.3,215.5,212,208.4,204.6,200.2,195,188.9,182,175,168.3,162,156.2,150.8,145.1,139,132.2,124.8,117,109.1,101.3,93.8,86.9,80.8,75.7,71.3,67.7,64.6,61.8,59.2,59.2
European Union,45.04511788,42.50897486,40.28057178,38.42860812,36.49581333,34.72224336,33.19997629,31.89571997,32.66437014,31.54559929,30.29439931,28.94563202,27.57682994,26.28551032,25.16555208,24.18231138,23.14389997,22.02556116,20.84400121,19.75509462,18.78417772,18.03807609,17.21295813,16.52680015,15.89123957,15.30945729,14.77561503,14.27627195,13.76658758,13.21843426,12.6323212,12.01818762,11.42922129,10.83738662,10.21093144,9.623563954,9.073943273,8.603665347,8.191284068,7.844436906,7.540773704,7.242289402,6.984295071,6.732265637,6.458785927,6.215434798,5.975915837,5.736720966,5.507639804,5.304686339,5.111624014,4.948573535,4.800805726,4.687045633,4.561552659,4.429313968,24.73721592
Fragile and conflict affected situations,,,,,,,,,218.8670113,219.4360677,214.8676765,210.4122771,207.269773,203.0076114,198.9966419,194.0239178,189.7438909,185.4476977,181.1808778,180.2265329,176.179986,172.2848673,168.5180301,165.6336215,162.208038,159.0815307,156.5661944,153.8611173,151.3235307,148.8814176,146.6386492,144.4353176,142.3551999,140.3707452,138.4243802,136.4787983,134.3948462,132.1624905,129.6569666,126.9180958,123.9442158,120.7677612,117.468381,114.0855918,110.673972,107.246905,103.8186247,100.4978624,98.9221933,94.04545859,93.31459293,88.15716624,85.2861917,82.5502494,80.01866074,77.59015404,77.59015404
Finland,26.8,25.2,23.8,22.5,21.3,20.2,19.3,18.4,17.6,16.9,16.1,15.4,14.6,13.8,13.1,12.2,11.4,10.6,9.9,9.2,8.7,8.2,7.9,7.6,7.4,7.3,7.3,7.2,7.1,6.9,6.7,6.4,6.1,5.8,5.5,5.2,4.9,4.7,4.6,4.4,4.3,4.2,4.1,4,3.9,3.8,3.6,3.5,3.3,3.2,3,2.9,2.7,2.6,2.4,2.3,14.55
Fiji,71.8,68.7,66,63.8,61.7,60,58.5,57.3,56.4,55.8,55.3,54.9,54.6,54.2,53.6,52.8,51.6,50,48.2,46.1,44,42,40,38.3,36.8,35.4,34.1,33,31.8,30.8,29.8,28.8,28,27.2,26.6,26.2,25.8,25.4,25.1,24.8,24.5,24.2,23.9,23.7,23.7,23.7,23.8,23.9,24,24,23.9,23.7,23.5,23.2,22.9,22.4,47.1
France,28.5,27,25.7,24.5,23.4,22.3,21.4,20.6,19.9,19.1,18.2,17.4,16.6,15.9,15.4,15,14.5,13.9,13.3,12.8,12.4,11.9,11.5,11.1,10.7,10.3,10,9.8,9.6,9.3,9,8.6,8.1,7.6,7,6.5,6.1,5.8,5.6,5.5,5.4,5.3,5.1,4.9,4.7,4.6,4.5,4.4,4.3,4.3,4.3,4.3,4.3,4.4,4.4,4.3,16.4
United Kingdom,26.6,26.1,25.6,24.9,24.2,23.4,22.8,22.2,21.8,21.4,21,20.6,20.1,19.4,18.7,18,17.2,16.5,15.7,14.9,14.1,13.4,12.7,12.2,11.7,11.4,11.1,10.8,10.4,9.9,9.3,8.7,8.2,7.8,7.4,7.2,7,6.9,6.8,6.7,6.6,6.4,6.3,6.3,6.1,6,5.9,5.8,5.6,5.4,5.2,5,4.8,4.6,4.4,4.2,15.4
Ghana,210.9,208.6,206.7,205,203.8,203.1,202.9,202.7,202.8,202.5,201.9,200.7,198.5,195.3,191,185.9,180.7,175.8,171.6,168.4,166.2,164.6,163.1,161.3,158.5,154.6,149.7,144.1,138.2,132.6,127.4,123.1,119.7,117.1,115.1,113.4,111.6,109.5,106.9,104,100.7,97.3,94.2,91.3,88.7,86.5,84.4,82.2,79.9,77.4,74.7,71.9,69.2,66.5,64,61.6,136.25
Guinea,,351.3,349,346.8,344.3,341.9,339,336.2,333.3,330.2,327.2,324.1,320.8,317.5,313.9,310.1,305.9,301.4,296.7,291.9,286.9,282.2,277.4,272.6,267.8,263.1,258.4,253.6,248.8,243.7,238.2,232.4,226.2,219.7,212.9,205.9,199,192,184.8,177.5,170.2,162.9,155.8,149,142.7,136.7,131.2,125.9,121,116.3,111.9,107.7,104,100.4,97,93.7,93.7
"Gambia, The",362.4,356.3,350.3,344.1,338.3,332.4,326.5,320.5,314.6,308.8,302.6,296.4,290,283.5,276.9,270.4,263.9,257.5,251.2,244.9,238.5,231.9,225.3,218.3,211.2,204,196.8,189.9,183.1,176.6,170.2,164.2,158.5,152.9,147.5,142.4,137.4,132.5,127.9,123.2,118.8,114.5,110.2,106,101.9,97.9,94.2,90.6,87.4,84.3,81.4,78.6,76.1,73.6,71.1,68.9,215.65
Greece,55.8,54.4,52.8,51,49.3,47.8,46.3,44.6,42.4,40,37.6,35.6,34.1,33.1,32.4,31.4,30.1,28.5,26.9,25.1,23.5,21.9,20.6,19.5,18.5,17.4,16.4,15.3,14.3,13.3,12.6,11.9,11.4,10.9,10.5,10.1,9.7,9.3,8.8,8.3,7.8,7.3,6.8,6.3,5.9,5.5,5.2,5,4.8,4.8,4.7,4.7,4.7,4.7,4.6,4.6,30.2
Guatemala,218.5,214.1,209.9,205.7,201.5,197.1,192.8,188.3,183.8,179,174.1,169,164,159,154,149,144.1,139.2,134.4,129.6,124.8,120.1,115.5,110.9,106.5,102,97.6,93.3,89,84.9,80.9,77,73.3,69.7,66.4,63.3,60.4,57.7,55.1,52.8,50.6,48.6,46.6,44.8,43.1,41.4,39.9,38.4,36.9,35.7,34.5,33.3,32.1,31.1,30.1,29.1,123.8
Guyana,93.3,89.2,85.7,82.8,80.4,78.5,77,75.9,74.9,74.3,73.9,73.6,73.4,73.2,73,72.7,72.4,72,71.5,71,70.4,69.8,69.2,68.5,67.7,66.8,65.8,64.7,63.3,61.9,60.4,58.8,57.2,55.6,54.1,52.7,51.4,50.2,49,47.8,46.7,45.6,44.8,44,43.4,42.8,42.4,42.1,41.9,41.7,41.5,41.4,41.2,40.8,40.2,39.4,66.35
High income,45.7,43.4,41.6,40.5,38.8,37.1,35.4,33.9,32,32.2,32.4,31,31.8,30.3,29,27.9,26.7,25.6,24.6,23.6,22.6,21.6,20.7,20,19.2,18.5,17.9,17.3,16.8,16.2,15.6,14.9,14.2,13.5,12.8,12.2,11.6,11.3,11.1,11.1,10.7,10.4,10.1,9.7,9.4,9,8.7,8.4,8.2,7.9,7.7,7.6,7.4,7.2,7,6.8,26.25
Honduras,210.2,203.4,196.8,190.3,184.2,177.8,171.6,165.6,159.6,153.7,147.9,142.2,136.6,131.2,125.7,120.5,115.3,110.3,105.3,100.4,95.7,91.1,86.7,82.5,78.4,74.6,70.9,67.4,64.2,61.1,58.2,55.5,52.9,50.6,48.4,46.4,44.4,42.6,60,39.1,37.4,35.8,34.2,32.7,31.3,30,28.8,27.6,26.5,25.4,24.4,23.5,22.6,21.8,21.1,20.4,115.3
Heavily indebted poor countries (HIPC),,,,,,264.0822056,257.325008,256.0658264,249.3596794,247.2779217,244.5878301,241.9012184,239.3157535,236.4148525,233.2313606,230.1312975,226.9692923,223.6892851,220.3082487,216.8737138,213.4230964,210.0052931,206.5490472,202.9111358,199.7073419,196.7323647,194.0066063,191.1629436,188.3928052,185.6547728,182.9688358,180.2568119,177.4956036,174.810786,173.475986,169.6318356,165.170423,161.8684706,158.3604572,153.3414633,148.3086637,142.8312708,136.9535809,130.9041722,124.8827123,119.0336144,113.4288395,107.9828538,102.8710051,98.08755703,95.13005399,89.59059939,85.7049686,82.25782378,79.11685723,76.38358773,76.38358773
Haiti,291.4,286.6,281.9,277.3,273,268.5,263.9,259.2,254.6,249.9,245.1,240.1,234.8,229.4,224,218.4,213,207.5,202.2,196.9,191.9,186.9,181.9,177,172.2,167.6,163,158.5,154.2,150,145.8,141.7,137.6,133.3,129.1,124.9,120.7,116.5,112.4,108.5,104.8,101.3,98.1,95.1,92.4,90,87.7,85.5,83.3,81.2,208.8,77.2,75.2,73.1,71,69,180.2
Hungary,58.9,56.1,54.4,52.7,50.8,48.9,47.4,46.2,45,43.7,42.7,42.3,42.2,42,41.2,39.2,35.9,32.3,29.4,27.5,26.2,25.1,24.2,23.9,24.1,24,23,21.5,20.2,19.6,19.1,18.3,17.2,15.9,14.7,13.8,13.1,12.6,12.2,11.7,11.2,10.5,9.8,9.2,8.7,8.3,7.9,7.5,7.2,6.8,6.6,6.4,6.3,6.2,6.1,5.9,32.4
IBRD only,,,,,,,,,,153.5844129,146.8807127,142.4673886,138.6061962,134.8605291,131.1217233,127.2377603,123.4166873,119.518058,115.6308449,111.650244,108.187386,104.1157189,100.2112129,96.45537382,92.74823603,89.57812392,86.7257465,84.24980354,82.12217911,80.15426168,78.38931729,76.71888336,75.08830824,73.35739644,71.56789565,69.68564454,67.72818906,65.6914506,63.4975766,61.32047537,58.93550438,56.53138222,54.12827959,51.74240564,49.74883584,47.12633818,44.92552692,42.83948421,40.81432355,38.81312795,36.8524159,35.10377284,33.47128588,31.98696762,30.6704704,29.5532789,29.5532789
IDA & IBRD total,,,,,,,,,,169.5030609,163.50845,159.2296308,156.0213059,152.7655883,149.4278204,146.4923885,143.1012873,139.5905971,136.1556322,132.8116684,129.3434459,125.495337,121.7456593,118.3290447,114.7724498,111.7504104,109.125068,106.7994067,104.8417734,103.1224099,101.674436,100.3974935,99.21776077,98.01180855,96.94621758,95.39998213,93.59930975,91.80947088,89.75962455,87.34138918,84.6844095,81.8450587,78.87257282,75.85622998,73.11153446,69.89926102,67.03665813,64.27299789,61.79954031,59.01848896,56.83437521,54.29779647,52.15923609,50.24448477,48.51758737,47.03500371,47.03500371
IDA total,,,,,243.3119252,239.4632238,235.5277417,232.6656545,225.7623447,223.5566419,220.2125768,216.511191,213.2293096,209.9076566,206.5716627,204.0317843,200.3051142,196.4933237,192.7090384,188.5794752,184.7334587,181.0504657,177.5532773,174.4270336,171.3490179,168.5897471,166.1222691,163.6182226,161.229073,158.9593991,156.8271412,154.7906563,152.8305467,150.9564681,149.650469,147.1457403,144.199952,141.6134939,138.7294548,134.9335248,131.0092135,126.743414,122.1987599,117.5599365,113.024554,108.3299043,103.8982863,99.58563518,95.98511216,91.57400856,88.67884256,84.54376343,81.26094267,78.31901253,75.59174805,73.17107084,73.17107084
IDA blend,,,,,221.9477877,216.5428756,211.4653415,206.6405943,201.9196389,197.2023975,192.6057619,187.2005091,182.9745212,178.8542367,174.9618084,171.2787246,167.7983032,164.4670366,161.5128058,157.0002727,154.0249395,151.3834394,149.0553688,147.0470572,145.2131114,143.7137403,142.5845784,141.3791992,140.2814624,139.3654012,138.5984775,138.029012,137.6823871,137.4500929,137.1104302,136.6786237,135.9405855,134.7585975,133.124179,131.0159755,128.5520401,125.6965534,122.5953892,119.3557017,116.34893,112.5267301,109.0629067,105.6376233,102.3482153,99.16518943,96.02835253,93.10017713,90.12132898,87.35702691,84.7216523,82.34440247,82.34440247
Indonesia,222.4,216.5,210.7,205.1,199.5,193.9,188.2,182.5,176.8,171.1,165.6,160.3,155.1,150.1,145.3,140.8,136.5,132.4,128.5,124.8,121.1,117.5,113.9,110.3,106.7,103.1,99.5,95.9,92.2,88.4,84.7,80.9,77.1,73.6,70.1,66.7,63.6,60.5,57.6,54.9,52.3,49.8,47.6,45.4,49.3,41.4,39.6,37.9,36.2,34.7,33.1,31.7,30.4,29.3,28.2,27.2,124.8
IDA only,,,,,,,251.6781596,249.6997846,239.7014322,237.9682492,235.2870368,232.6484438,229.5575193,226.6731525,223.5518819,221.2486163,217.4119505,213.377573,209.172188,205.967033,201.6846428,197.4730416,193.382388,189.4874488,185.7765575,182.3649921,179.190283,175.9778096,172.8637904,169.8151107,166.8783931,163.9656545,161.0431559,158.1957991,156.2865022,152.6095928,148.4510002,145.0931504,141.5385141,136.8751239,132.2167181,127.2551852,122.0052387,116.6828142,111.3946565,106.2596948,101.3305357,96.55023626,92.76577628,87.70281273,84.90690507,80.13358027,76.68439977,73.65069793,70.88575916,68.4615304,68.4615304
India,247.7,243.7,240,236.3,232.9,229.6,226.3,223.1,219.8,216.6,213.3,209.9,206.1,202.2,197.9,193.4,188.6,183.4,178.2,172.8,167.6,162.6,157.9,153.5,149.2,145.2,141.2,137.3,133.4,129.5,125.8,122.2,118.8,115.4,112.1,108.7,105.3,101.9,98.3,94.8,91.2,87.7,84.3,81,77.7,74.6,71.5,68.5,65.6,62.7,59.9,57.2,54.5,52.1,49.8,47.7,147.7
Ireland,35.3,33.9,32.5,31.3,30.1,28.6,27,25.5,24.1,23,22.2,21.7,21.4,21.1,20.6,20,19.1,18,16.8,15.5,14.3,13.3,12.4,11.7,11.1,10.7,10.4,10.1,9.9,9.6,9.2,8.6,8.1,7.7,7.4,7.3,7.3,7.3,7.3,7.3,7.1,6.9,6.5,6.1,5.6,5.2,4.9,4.6,4.5,4.3,4.2,4.1,4,3.8,3.7,3.6,19.45
Iraq,195.7,184.5,174.2,164.6,155.8,147.7,140.1,133.2,126.7,120.6,115,109.7,104.7,99.8,95.2,90.8,86.8,83,79.5,76.3,73.3,70.6,68,65.7,63.6,61.6,59.7,58.1,56.6,55.3,54.1,53,51.9,51,50,49.1,48.2,47.4,46.5,45.6,44.7,43.8,43,42.3,41.5,40.7,39.9,39.1,38.3,37.5,36.6,35.7,34.8,33.9,32.9,32,113.85
Iceland,21.4,21.1,20.7,20.2,19.7,19.1,18.5,17.8,17.1,16.5,15.8,15.2,14.6,14,13.4,12.8,12.2,11.5,10.9,10.3,9.8,9.2,8.8,8.4,8,7.7,7.4,7.1,6.9,6.6,6.4,6.2,5.9,5.7,5.5,5.2,5,4.7,4.5,4.2,4,3.8,3.6,3.4,3.3,3.1,2.9,2.8,2.7,2.5,2.4,2.3,2.2,2.1,2.1,2,11.7
Italy,52,49.8,47.6,45.4,43.1,41.1,39.3,37.8,36.4,35.1,33.6,31.8,29.8,27.6,25.3,23.1,21.1,19.5,18.1,17,16.1,15.2,14.3,13.5,12.7,12,11.3,10.8,10.4,10,9.7,9.3,8.9,8.5,8,7.5,7,6.6,6.2,5.9,5.5,5.2,5,4.7,4.5,4.4,4.3,4.2,4.1,4.1,4,3.9,3.8,3.7,3.6,3.5,27.75
Jamaica,84.4,80.8,77.5,74.5,71.8,69.2,66.8,64.5,62.3,60,57.8,55.5,53.3,51.2,49.3,47.6,46,44.5,43.1,41.9,40.7,39.5,38.4,37.3,36.3,35.3,34.3,33.3,32.4,31.5,30.6,29.6,28.7,27.8,26.9,26,25.1,24.3,23.4,22.7,22,21.4,20.9,20.4,20,19.7,19.5,19.2,18.9,18.5,18.1,17.6,17.2,16.7,16.2,15.7,50.05
Jordan,156.4,147.3,138.8,131,123.8,117.1,110.9,105.1,99.7,94.7,90.1,85.7,81.6,77.7,74.1,70.6,67.3,64.2,61.3,58.5,55.9,53.4,51,48.7,46.6,44.6,42.7,40.9,39.3,37.9,36.6,35.4,34.3,33.3,32.4,31.5,30.7,29.9,29.1,28.4,27.7,26.9,26.2,25.5,24.8,24.1,23.4,22.7,22.1,21.5,20.8,20.2,19.6,19,18.5,17.9,87.15
Japan,39.7,36.2,32.8,29.7,27,24.6,22.6,21,19.6,18.5,17.5,16.5,15.7,14.9,14.1,13.3,12.5,11.8,11.1,10.5,9.9,9.3,8.8,8.3,7.9,7.5,7.1,6.8,6.6,6.4,6.3,6.2,6.1,6,5.9,5.7,5.5,5.2,5,4.7,4.5,4.3,4.1,4,3.9,3.7,3.6,3.5,3.4,3.3,3.2,3.4,3,2.9,2.8,2.7,21.2
Kenya,199.2,190.6,183.1,176.7,171.2,166.6,162.6,159,155.5,152,148.3,144.7,141,137.2,133.1,129,124.8,120.5,116.3,112.4,108.7,105.3,102.3,99.8,97.9,96.8,96.3,96.7,97.9,99.8,102.3,105.2,108.2,111.1,113.4,114.8,115.4,114.9,113.4,111,107.9,104.1,99.9,95.4,90.6,85.5,80.7,76.1,70.1,65.8,62.1,58.5,55.6,53.4,51.3,49.4,124.3
Kiribati,,,,180.5,173.5,167,160.7,154.8,149.5,144.4,140,136,132.5,129.8,127.7,126,124.8,124,123.3,122.9,122.3,121.7,120.7,119.3,117.4,114.9,111.9,108.3,104.3,100.1,96,92.2,89,86.2,83.8,81.6,79.4,77.3,75.1,72.8,70.6,68.5,66.9,65.7,65.1,64.8,64.8,64.8,64.5,63.9,62.9,61.7,60.4,58.9,57.4,55.9,55.9
St. Kitts and Nevis,,,,,,,,,,,69.4,67.2,65.1,63.1,61.2,59.6,58,56.5,54.9,53,50.9,48.5,45.9,43.2,40.5,38,35.7,33.5,31.6,29.9,28.4,27.1,25.9,24.8,23.8,22.9,22,21.1,20.2,19.4,18.6,17.8,17.1,16.4,15.8,15.2,14.6,14,13.5,13,12.5,12.1,11.7,11.3,10.9,10.5,10.5
"Korea, Rep.",112.9,106.5,100.8,95.1,89.5,83.8,77.8,71.7,65.4,59,52.8,46.8,41.2,35.9,31.2,27.1,23.5,20.4,17.9,15.9,14.3,13.1,12.2,11.4,10.7,10,9.3,8.6,8,7.5,7.1,6.8,6.4,6.1,5.8,5.5,5.3,5.3,5.5,5.8,6.1,6.4,6.5,6.4,6,5.6,5.2,4.8,4.5,4.3,4.1,4,3.8,3.7,3.6,3.4,58.15
Kuwait,146.9,136.6,126.9,117.9,109.1,101.1,93.7,87,81.1,75.8,70.9,66.5,62.3,58.4,54.8,51.4,48.2,45.1,42.1,39.1,36.1,33.2,30.2,27.4,25,23.1,21.7,20.6,19.6,18.8,17.9,19.9,16.3,15.7,15.2,14.7,14.2,13.8,13.3,12.9,12.7,12.5,12.3,12.1,11.9,11.7,11.6,11.5,11.3,11.1,10.8,10.3,9.9,9.4,9,8.6,77.75
Latin America & Caribbean (excluding high income),176.8,172.2,167.8,152.5,148.6,144.4,140.9,137.6,134.2,130.8,127.2,123.5,119.6,115.9,112.3,108.9,105.5,102.2,98.8,95.1,91.4,87.5,83.6,79.7,76.1,72.8,69.6,66.5,63.7,61,58.4,55.9,53.3,50.8,48.2,45.7,43.2,40.7,38.8,36.1,34,32.1,30.3,28.7,27.3,26,24.9,24,23.1,22.3,25.7,20.9,20.3,19.7,19.2,18.8,97.8
Lebanon,77.4,75.1,72.9,70.9,69.1,67.6,66.3,65.2,64.2,63.4,62.7,61.9,61.2,60.5,59.6,58.6,57.4,56,54.5,52.9,51.2,49.4,47.5,45.6,43.6,41.6,39.6,37.7,35.9,34.1,32.5,31,29.6,28.3,27,25.8,24.6,23.5,22.3,21.2,20,18.8,17.6,16.4,15.2,14.1,13,12.1,11.3,10.7,10.1,9.7,9.3,8.9,8.6,8.3,42.85
Liberia,316.3,316.4,315.4,314,311.7,308.8,305.6,301.4,296.8,291.6,286.3,281.2,276.2,271.3,266.1,261.2,256.8,252.3,248.4,244.6,241.1,238,235.6,234,233.7,235,237.8,242.1,246.9,251.5,255,256.7,255.4,251.6,245.5,237.4,227.7,217.1,205.8,193.9,181.8,169.7,157.6,145.9,134.8,124.7,115.7,107.8,100.9,94.7,89.3,84.5,80.3,76.3,72.9,69.9,193.1
Libya,281.5,263.4,246.7,230.7,215.2,200.6,186.6,173.2,160.5,148.7,137.8,127.6,118.3,109.9,102.3,95.5,89.4,84,79.1,74.8,70.8,67.2,63.7,60.5,57.3,54.4,51.6,48.9,46.3,43.9,41.6,39.5,37.6,35.9,34.4,33.1,31.9,30.8,29.9,29,28.1,27.3,26.5,25.5,24.4,23.1,21.7,20.2,18.8,17.6,16.6,17.6,15.1,14.5,13.9,13.4,147.45
St. Lucia,,,,,,,,,,,75.5,68.7,62.3,56.5,51.2,46.5,42.6,39.4,37,35.1,33.5,32.2,31,29.8,28.6,27.3,26.1,24.9,24,23.2,22.6,22.1,21.6,21.2,20.6,20.1,19.6,19,18.6,18.2,17.8,17.6,17.4,17.3,17.2,17.1,17,16.8,16.6,16.3,16.1,15.8,15.4,15.1,14.7,14.3,14.3
Latin America & Caribbean,168.9126224,164.3234953,160.0168425,147.2791356,143.6171992,139.5898319,136.1012894,132.7134126,129.2813232,123.1789789,119.9057055,116.5169092,113.0717446,109.7274595,106.3881031,103.0114786,99.55346164,95.94843703,92.29818435,88.51555058,84.74961148,80.96713984,77.29898904,73.80496317,70.53068033,67.4505788,64.54268343,61.75636381,59.14694333,56.66717642,54.25259285,51.8772096,49.51441122,47.1758916,44.83832827,42.53132931,40.27091382,38.06852572,36.29887273,34.16070012,32.02789421,30.29136658,28.67111569,27.22671516,25.92239442,24.69931675,23.6600483,22.757849,21.92682748,21.17711889,23.66459432,19.86685619,19.30105439,18.77905121,18.35288218,17.96414403,93.43838321
Least developed countries: UN classification,,,,,,,259.9551892,258.0063032,246.2333458,244.2582489,241.7150126,239.254095,236.9563724,234.3432568,231.4791823,230.1170587,226.5094023,222.6681638,218.5113445,215.3717443,211.6385541,207.4591057,203.3497956,199.2883242,195.5919973,192.1574657,188.963415,185.6578739,182.3944734,179.1176891,175.8860662,172.606817,169.2811093,166.0207155,163.8318693,159.7725866,155.2570702,151.6823897,147.78318,143.1062637,138.3069559,133.2253208,127.8656684,122.4497486,117.0874288,111.8992253,106.8933961,102.0241313,98.3154677,93.09037883,90.30131189,85.31332924,81.73244555,78.56298981,75.6755051,73.11101208,73.11101208
Low income,,,,,,284,271.9,270.4,262.4,259.1,256.6,254.2,251.7,249.1,246,245.6,241.9,238,234,231.3,227.2,223.2,218.9,214.1,210.1,200.4,197.1,194.4,192,189.7,187.2,184.6,181.6,178.4,176.3,172.1,167.6,164,160,155,149.6,143.9,137.7,131.4,125.3,119.3,113.7,108.2,103,98.2,95.6,89.5,85.5,81.9,78.8,76.1,76.1
Sri Lanka,101.1,96.6,92.3,88.4,84.9,81.8,78.9,76.5,74.4,72.6,71.1,69.7,68.5,67.1,65.5,63.6,61.4,58.9,56.1,53.1,49.8,46.2,42.3,38.3,34.2,30.3,26.9,24.2,22.5,21.5,21.2,21.3,21.3,21.1,20.7,20.2,19.5,18.7,17.9,17,16.3,15.8,15.4,15.1,28.9,14,13.2,12.5,11.8,11.3,10.9,10.6,10.4,10.2,10,9.8,55.45
Lower middle income,241.4,236.2,231.2,227.8,224.7,220.3,216.2,212.2,207.8,204,200.2,193.8,189.7,185.5,181.2,176.5,172.1,167.7,163.5,158.8,154.6,150.4,146.4,142.6,138.9,135.4,132,128.7,125.6,122.5,119.5,116.7,114.1,111.5,108.9,106.3,103.8,101.2,98.5,95.6,92.6,89.5,86.3,83.2,80.6,77.1,74.3,71.6,69.4,66.4,63.9,61.4,59,56.8,54.7,52.8,147.1
Low & middle income,231.5,228.1,223.3,216.1,213.9,209.9,206.5,203.2,198.2,171.2,167.1,162.4,158.8,155.3,151.7,148.8,145.6,142.4,139.3,136.3,133,129.6,125.9,122.4,118.5,114.9,111.7,108.6,105.9,103.6,101.8,100.2,99.1,98.3,97.6,96.3,94.9,93.1,90.7,88,85.2,82.3,79.2,76.2,73.4,70.3,67.5,64.9,62.7,60,58,55.3,53,50.8,48.9,47.3,139.4
Lesotho,191.9,190.4,189.7,189.4,189.1,188.5,187.4,185.5,182.8,179.3,175.2,170.9,166.3,161.4,156.3,150.8,144.9,138.7,132.5,126.4,120.5,114.9,109.6,105,100.9,97.4,94.4,92.1,90.2,88.9,88.1,87.9,88.7,90.8,94.3,98.9,103.7,107.9,111.4,114.3,116.8,118.6,120.4,122,123,123.4,123.2,119.3,116.5,106.5,100.7,96.8,94.1,93.6,92,90.2,141.05
Late-demographic dividend,,,,,,,,,,116.6864226,108.4348284,103.2469802,98.31228244,93.4276755,88.59898151,83.83741581,79.34174025,75.00276504,71.3221314,67.64581849,64.36311604,61.40111604,59.1279551,56.98558226,55.22492625,53.7582463,52.77238821,52.06225136,51.62207826,51.06583609,50.40445925,49.57771323,48.47886113,47.04269733,45.38394632,43.62040945,41.74279985,39.78732533,37.73307591,35.64583834,33.47979185,31.23873116,29.01766211,26.86682808,25.02668838,23.0359649,21.40438492,19.99765959,18.72983632,17.54582201,16.51101563,15.56890211,14.69956566,13.88576979,13.20330696,12.66430317,12.66430317
Lithuania,,,,,,,,30.2,29.2,27.1,25,23.7,23.3,23.6,24.2,24.8,25,24.7,24,23.2,22.4,21.7,21.2,20.7,20.1,19.2,17.9,16.7,15.9,15.8,16.5,18,19.7,20,18.6,16.5,14.8,13.6,12.8,12.2,11.8,11.3,10.9,10.5,10.2,9.9,9.5,8.8,8.1,7.4,6.7,6.1,5.6,5.3,5.2,5.2,5.2
Luxembourg,,,,,29.2,28.1,27,25.9,24.7,23.6,22.4,21.1,20,18.8,17.7,16.7,15.8,15.1,14.4,13.8,13.3,12.9,12.5,12,11.6,11.2,10.7,10.2,9.8,9.3,8.8,8.3,7.7,7.3,6.8,6.4,6,5.7,5.4,5.1,4.8,4.6,4.3,4.1,3.8,3.5,3.3,3,2.8,2.6,2.4,2.3,2.1,2,2,1.9,1.9
Morocco,239.4,234.5,229.6,224.5,219.3,214.1,208.7,203.4,198.1,193.2,188.7,184.4,180.4,176.1,171.4,166.2,160.4,154.1,147.4,140.6,133.8,127.2,120.8,114.6,108.6,103,97.7,92.7,88.1,84,80.1,76.5,73,69.7,66.4,63.3,60.3,57.5,54.8,52.3,50,47.9,45.8,43.9,42.1,40.4,38.8,37.3,35.8,34.5,33.1,31.9,30.7,29.7,28.6,27.6,133.5
Madagascar,,,,,,,,,148.6,150.2,151.9,153.7,155.7,158.2,161,163.5,165.9,168,170.1,172.2,174.6,177.6,180.3,182.4,183.1,182.4,180.1,176.5,171.7,166.2,160.7,155.8,151.3,147.1,142.9,138.4,133.4,127.7,121.7,115.5,109.2,103.1,97.2,91.5,85.9,80.6,75.4,70.8,66.7,63.3,60.3,57.8,55.5,53.4,51.5,49.6,49.6
Maldives,,,,323.5,315,306.6,297.9,289,279.8,270.5,260.9,250.5,239.5,227.9,215.9,204.4,193.4,183,173.2,163.9,155.3,147.3,140,133.1,126.6,120.3,114.5,108.9,103.7,98.8,94.1,89.5,85.1,80.4,75.7,70.8,65.8,60.5,55.2,49.8,44.4,39.2,34.3,29.9,28.8,22.8,20.1,17.8,16,14.4,13,11.8,10.7,9.9,9.2,8.6,8.6
Middle East & North Africa,,,242.8286295,248.1250373,240.9775579,234.1756348,227.7518792,221.6047314,215.7083703,209.9084049,204.3528529,196.1497101,188.3824089,181.5763226,172.4453829,164.4223654,156.6952751,148.7026653,140.5890584,132.4661322,124.3382643,116.2684225,108.3183977,100.7257576,93.55666276,87.05039064,81.3950124,76.49472854,72.27942199,68.69206326,65.56980632,62.81164755,60.20089649,57.76752541,55.36395743,53.07689025,50.83418653,48.71883803,46.61526418,44.62620943,42.70137787,40.82794714,39.04552033,37.34185877,35.71541598,34.1859124,32.72303715,31.34808493,30.01054282,28.81514867,27.65279027,26.65987355,25.76379336,24.91854058,24.07603197,23.34026831,23.34026831
Mexico,,,,129.7,127.3,124.6,122,119.1,115.8,112.3,108.6,104.9,101.1,97.7,94.5,91.5,88.6,85.6,82.4,78.8,75.1,71.3,67.6,64.3,61.4,58.7,56.2,53.8,51.4,49,46.6,44.1,41.7,39.4,37.2,35,33,31,29.1,27.3,25.6,24.1,22.6,21.4,20.4,19.5,18.9,18.4,17.9,17.4,16.8,16,15.3,14.5,13.8,13.2,13.2
Marshall Islands,129,123.7,118.6,114,109.4,105,101.1,97.3,93.7,90.5,87.5,84.7,82.4,80.4,78.7,77.3,76,74.7,73.5,72.1,70.5,68.8,66.9,64.9,62.8,60.7,58.7,56.6,54.5,52.4,50.3,48.3,46.4,44.8,43.4,42.5,41.9,41.6,41.5,41.5,41.4,41.3,41.1,40.7,40.4,40.2,39.9,39.7,39.5,39.3,39.1,38.8,38.3,37.8,37,36,82.5
Middle income,224.9,219.8,215.1,206.9,204.8,200.4,196.5,192.7,188,161.5,157.3,152.6,148.6,144.9,141.1,137.5,134.1,130.8,127.7,124.3,121.1,117.7,114.1,110.5,106.7,103.4,100.2,97.2,94.5,92.2,90.2,88.6,87.3,86.3,85.3,84,82.6,80.7,78.4,75.8,73.3,70.7,68.1,65.5,63.2,60.5,58.1,56,54.3,52,49.9,48,46,44.1,42.3,40.9,132.9
Mali,,,,443.5,435.8,428.5,421.8,415.4,409.8,404.6,400,395.4,390.3,384,376.6,368.3,359.4,350.4,341.4,332.9,324.7,317,308.9,300.7,292.6,285,277.9,271.3,265.2,259.5,254.4,250,246.6,243.9,242,240,237.9,235.3,231.7,226.4,219.6,211.2,201.8,191.8,181.7,171.8,162.9,155.1,148.3,142,136.6,131.7,127,122.7,118.3,114.7,114.7
Malta,40.7,39.1,37.7,36.5,35.4,34.3,33.1,31.8,30.5,29.2,27.8,26.5,25.1,23.9,22.6,21.4,20.3,19.3,18.4,17.6,16.9,16.3,15.7,15.1,14.5,13.9,13.3,12.7,12.2,11.7,11.3,10.9,10.5,10.2,9.8,9.4,9.1,8.7,8.4,8.1,7.8,7.5,7.3,7.2,7,7,6.9,6.8,6.8,6.8,6.7,6.7,6.7,6.6,6.5,6.4,23.55
Myanmar,,,,,,,,,187.5,183.3,179.2,175.2,171.2,167.1,163.2,159.1,155.3,151.2,147.3,143.6,140,136.7,133.4,130.3,127.2,124.3,121.3,118.5,115.6,112.7,109.9,107,104.1,101.1,98.2,95.4,92.7,90,87.4,84.8,82.3,79.9,77.5,75.2,72.8,70.5,68.1,65.8,87.2,61.4,59.3,57.2,55.3,53.5,51.7,50,50
Middle East & North Africa (excluding high income),259.5,252.3,245.7,248.9,240.9,233.8,227.4,221.6,216.3,211.1,205.8,197.3,190.9,184.1,177,168.8,161.1,153.1,145,136.8,128.5,120.2,111.8,103.8,96.3,89.7,83.9,79,74.9,71.4,68.4,65.8,63.3,61,58.7,56.5,54.2,51.9,49.5,47.3,45.2,43.2,41.4,39.7,38.1,36.5,34.9,33.4,31.9,30.5,29.3,28.2,27.3,26.4,25.4,24.7,142.1
Mozambique,,,,,,278,277.2,275.9,274.9,273.7,272.6,271.5,270.4,269.4,268.3,266.7,265.7,264.4,263.4,262.5,261.8,261,259.8,258.3,256.2,253.8,251.2,248.5,245.7,242.8,239.7,236.4,232.4,227.7,222,215.2,207.4,198.8,189.5,180.1,171.1,162.5,154.5,147.1,140.2,133.8,127.8,120.1,113.6,107.6,102.8,97.5,90.9,85.6,81.2,78.5,78.5
Mauritania,255.9,249,242,235.2,228.5,222,215.5,208.8,202.6,197.5,193.9,191.5,190.2,189.3,188,185.5,182,178,173.4,168.6,164.1,159.5,154.9,150,144.8,139.2,133.7,128.6,124.3,120.7,118.1,116.2,114.9,114.3,113.9,113.8,113.9,113.9,113.9,113.6,113.5,113.1,112.9,112.4,111.4,109.8,107.9,105.5,103,100.4,97.8,95.4,92.7,90.2,87.5,84.7,170.3
Mauritius,102.1,98.6,93.4,87,83.6,86.4,92.7,96.1,92.7,86.9,82.9,81,79.4,76.9,72.3,65.2,57.4,50.8,46.2,42.9,40.3,37.7,34.7,31.3,28.9,28.4,29,28.8,27.1,24.9,23.1,21.8,21.2,21.2,21.6,22.2,22.7,22.6,21.6,20.2,18.6,17.1,16.1,15.6,15.6,15.7,15.9,16,15.8,15.5,15.2,14.9,14.6,14.3,13.9,13.5,57.8
Malawi,,,,,357.2,355.7,354,352.9,351.8,349.9,347,342.3,335.9,327.8,318.8,309.4,299,287.7,276.6,266,256.7,249.2,244.4,242.7,244.6,248.4,252,253.1,251.8,248.1,242.4,235,226.8,219,212.6,207.5,203,198.7,193.1,185,174.4,161.7,148,135.2,124.6,116.2,109.9,104.9,100,95.4,90.9,84.5,77.3,71.3,66.9,64,64
Malaysia,92.8,87.7,82.9,78.5,74.5,70.8,67.3,64.2,61.3,58.5,55.8,53.1,50.5,47.8,45.1,42.5,39.9,37.4,35,32.7,30.5,28.5,26.6,24.8,23.2,21.8,20.5,19.4,18.3,17.4,16.6,15.8,15.1,14.4,13.9,13.3,12.9,12.4,11.8,11,10.2,9.4,8.9,8.5,8.3,8.2,8.1,8,8,8,8,7.9,7.7,7.5,7.2,7,49.9
North America,30.34238134,29.70459768,29.05619926,28.4072489,27.74852743,27.1,26.36180082,25.63374232,24.806034,23.99711796,23.17854568,22.26883571,21.34925257,20.44818504,19.53748802,18.62681955,17.71647324,16.90666247,16.0975373,15.37959636,14.76259043,14.15585691,13.64952627,13.1433076,12.73700884,12.43037169,12.13209462,11.9242843,11.6249019,11.33405106,10.9431736,10.64378387,10.25382057,9.864526374,9.575860853,9.279265025,8.991719583,8.704220042,8.516369927,8.420057598,8.230769426,8.140323638,8.048774895,7.948703656,7.947748767,7.853662068,7.751256263,7.648365237,7.545232353,7.350368171,7.24756473,7.045215769,6.94344793,6.751100684,6.550721988,6.359728689,18.35105501
Namibia,,,,,,,,96.1,96.2,96.4,96.7,97,97.2,97.5,97.8,98.1,98.4,98.6,98.6,98.4,97.7,96.5,94.7,92.5,89.8,87,83.9,81.1,78.3,75.7,73.5,71.7,70.4,69.7,69.7,70.2,71.2,72.4,73.7,74.9,75.7,76,75.8,75.2,73.9,71.7,68.4,64,60.1,56.7,53.8,51.6,49.9,47.7,46.4,45.4,45.4
Niger,,,,,,,,315.1,318.8,322.9,327,330.9,334.3,337,338,337.1,334.6,330.5,326,322,319.6,319.1,321,324.5,328.9,332.9,335.8,336.9,335.7,332.9,328.2,321.9,313.7,303.8,292.2,279.5,267.1,255.9,245.8,236.4,227.3,217.6,207,195.7,184.1,172.7,161.8,151.3,141.3,132.1,123.6,116.1,109.6,104.1,99.6,95.5,95.5
Nigeria,,,,,327.5,320.5,313.8,307,300,292.6,284.9,277.1,268.9,260.4,252.3,244.3,236.8,229.9,223.8,218.6,214.4,211.5,209.6,208.9,208.8,209.5,210.6,211.5,212.2,212.6,212.5,212.2,211.7,211,209.7,207.8,205.1,201.4,197,192,186.8,181.3,175.6,169.9,164.1,158.1,152.2,146.4,140.9,135.5,130.3,125.5,120.9,116.6,112.5,108.8,108.8
Nicaragua,199.3,197,194.8,192.5,190,187.6,184.9,182,178.8,175.2,171.4,167.2,162.4,157.1,151.1,144.7,137.8,130.5,123.2,116,109.1,102.7,96.8,91.5,86.8,82.7,78.9,75.6,72.6,69.7,66.9,64,61.2,58.3,55.5,52.7,50,47.4,50.3,42.5,40.3,38.3,36.4,34.7,33.2,31.7,30.4,29.2,28.1,27.1,26.1,25.2,24.4,23.5,22.8,22.1,110.7
Netherlands,20.8,20.3,19.7,19.3,18.8,18.3,17.9,17.4,16.9,16.4,15.8,15.3,14.7,14.1,13.6,13.1,12.6,12.1,11.6,11.2,10.9,10.6,10.4,10.2,9.9,9.7,9.5,9.2,8.9,8.6,8.3,8,7.7,7.4,7.1,6.9,6.7,6.5,6.4,6.3,6.2,6.1,5.9,5.7,5.6,5.4,5.2,5,4.8,4.6,4.4,4.3,4.2,4,3.9,3.8,12.3
Norway,22.6,22.1,21.5,21,20.4,19.7,19,18.2,17.5,16.9,16.2,15.6,15,14.3,13.6,12.9,12.2,11.5,10.9,10.4,10.1,9.9,9.9,10,10.1,10.2,10.3,10.1,9.8,9.3,8.7,7.9,7.2,6.6,6.1,5.7,5.4,5.2,5.1,5,4.9,4.7,4.5,4.4,4.2,4,3.9,3.7,3.5,3.4,3.2,3.1,3,2.8,2.7,2.6,12.6
Nepal,327.1,323,318.1,312.6,306.5,300,293.1,286.3,279.8,273.6,267.6,261.8,256.2,250.8,245.3,239.8,234.2,228.3,222.2,215.8,209.4,202.9,196.3,189.8,183.2,176.5,169.5,162.3,155.1,147.9,140.7,133.6,126.7,120,113.7,107.7,101.8,96.3,90.8,85.6,80.6,75.9,71.5,67.4,63.5,60,56.6,53.6,50.7,48,45.4,43.1,40.9,39,37.4,35.8,181.45
New Zealand,27.9,26.8,25.8,24.7,23.8,23.1,22.5,22,21.6,21.2,20.8,20.3,19.9,19.4,18.9,18.3,17.7,17.1,16.6,16.1,15.6,15.2,14.8,14.5,14.2,13.8,13.4,12.9,12.4,11.8,11.2,10.6,10,9.5,9.1,8.7,8.4,8.1,7.8,7.6,7.4,7.2,7,6.9,6.7,6.6,6.5,6.4,6.4,6.3,6.2,6.1,6,5.9,5.8,5.7,16.8
OECD members,63.48269001,60.91569397,58.56614535,64.52975823,62.5517336,60.66720664,58.94330115,57.36083727,53.89174292,52.54759069,51.1778448,49.72088418,48.18446922,46.64922851,45.03143979,43.47243663,41.83371471,40.13012579,38.36520067,36.5779488,34.85409209,32.93697931,31.31063843,29.78017517,28.37379829,27.06535664,25.83503035,24.69338989,23.56778682,22.47883524,21.39759451,20.36049736,19.3548831,18.38747634,17.48822885,16.59612146,15.76593872,14.96957611,14.23798753,13.55822896,12.88588769,12.26463035,11.65792093,11.11258461,10.62194696,10.1573086,9.760106908,9.4028515,9.069745781,8.732580917,8.423036244,8.09948427,7.782696155,7.46770076,7.159414893,6.885520339,35.18410518
Oman,,,,325.8,310.4,295.5,281.3,267.5,253.9,240.5,227.6,215.1,202.7,190.8,179,167.4,155.8,144.4,133.1,122.2,111.6,101.4,91.6,82.4,73.9,66.1,59.3,53.3,48.1,43.6,39.4,35.7,32.4,29.4,26.8,24.5,22.5,20.8,19.2,17.8,16.6,15.5,14.6,13.8,13.2,12.7,12.3,12.1,11.9,11.7,11.7,11.6,11.6,11.7,11.6,11.6,11.6
Pakistan,261.9,251.6,241.9,232.7,224.3,216.7,209.8,203.8,198.3,193.3,188.8,184.7,181,177.7,174.6,172,169.6,167.3,165.3,163.4,161.5,159.6,157.7,155.6,153.4,151.1,148.7,146.2,143.6,141.1,138.6,136,133.5,131,128.3,125.7,123,120.3,117.6,114.9,112.3,109.8,107.5,105.3,103.2,101.2,99.3,97.4,95.5,93.7,91.8,89.9,87.8,85.6,83.3,81.1,171.5
Panama,92.1,89.5,86.8,84.2,81.8,79.6,77.4,75.2,72.9,70.5,67.7,64.7,61.6,58.6,55.7,53.3,51.2,49.3,47.7,46.1,44.6,43,41.4,39.8,38.2,36.7,35.4,34.1,32.9,31.9,30.9,30.1,29.4,28.9,28.4,28.1,27.7,27.4,27,26.5,26,25.4,24.8,24.1,23.5,22.9,22.3,21.7,21,20.5,19.8,19.2,18.7,18.1,17.6,17,54.55
Peru,227.4,220.7,213.8,206.6,199.4,192.3,185.6,179.5,173.9,168.8,163.8,159,154.2,149.5,144.9,140.5,136.7,133.3,130.4,127.7,124.9,121.8,118.3,114.1,109.3,104.2,98.8,93.5,88.6,84,79.7,75.4,71,66.5,62,57.5,53.2,49.1,45.3,41.8,38.6,35.8,33.3,31.1,29.1,27.4,25.9,24.5,23.2,22.1,21,20,19.1,18.3,17.5,16.9,122.15
Philippines,106,102.4,99.5,96.8,94.6,92.4,90.4,88.5,86.7,85.2,84,83.1,82.6,82.3,82.1,82.1,82,81.8,81.5,80.9,80.1,79.3,78.4,77.3,75.9,74,71.6,68.6,65.2,61.7,58.2,54.9,52.1,49.5,47.4,45.6,44,42.7,41.6,40.6,39.7,38.9,38.1,37.3,36.5,35.7,34.9,34.2,33.4,32.6,31.9,31.2,30.4,29.6,28.8,28,67
Papua New Guinea,200.2,194,188,182.1,176.3,170.6,165,159.7,154.4,149.3,144.4,139.8,135.4,131.2,127.2,123.5,119.9,116.6,113.6,110.7,108.1,105.6,103.2,101.1,99,97.2,95.5,93.9,92.4,90.9,89.4,88,86.6,85.3,84.1,83,82,81,80.2,79.3,78.5,77.7,77,76.1,75.2,74.2,72.9,71.5,69.7,67.9,66.1,64.3,62.5,60.9,59.1,57.3,128.75
Poland,64.7,59.4,55.6,52.5,49.3,45.9,42.6,40.2,38.8,37.7,36.3,34.5,32.5,30.4,28.7,27.7,27.1,26.4,25.5,24.6,23.9,23.3,22.7,22,21.2,20.3,19.5,18.9,18.4,17.9,17.3,16.8,16.4,16,15.5,14.5,13.3,12,10.8,9.9,9.3,8.8,8.4,8.1,7.8,7.6,7.3,7,6.7,6.2,5.8,5.5,5.3,5.2,5.2,5.2,34.95
Pre-demographic dividend,,,,,281.0375995,275.6128795,270.46171,266.7410674,258.1993042,253.4247997,248.8875722,244.3749173,239.9241972,235.1726973,230.2927997,225.4733166,220.7408216,216.09797,211.6946876,209.0719345,206.2584203,203.1430881,200.3383597,197.812921,195.7089642,193.9945377,192.6318999,191.0974491,189.5617139,187.9808125,186.3275683,184.6085638,182.8176291,180.9632693,178.8625885,176.4868723,173.7363317,170.5152497,166.7672511,162.4766424,157.7195877,152.4765534,146.9395734,141.3050724,135.6864443,130.1266105,124.7584125,119.498096,114.4350646,109.6571326,105.1841508,100.9246292,96.8570552,93.18752275,89.7717682,86.74771358,86.74771358
Portugal,114.6,110.3,104.3,97.6,91,85.2,80.8,77.7,75.1,72,68.2,63.4,58,52.6,47.8,43.5,39.5,35.6,32.3,29.7,27.6,25.8,24.2,22.8,21.6,20.4,19.3,18.2,17,15.9,14.7,13.6,12.5,11.4,10.5,9.7,9.1,8.6,8.2,7.7,7.2,6.7,6.1,5.6,5.1,4.7,4.4,4.2,4.1,4,3.9,3.8,3.8,3.8,3.7,3.6,59.1
Paraguay,85.3,84.3,83.4,82.7,82,81.3,80.6,80.1,79.4,78.7,78,77.1,76.1,75.1,73.8,72.5,71.1,69.6,68,66.4,64.7,62.9,61,59.1,57.2,55.3,53.5,51.7,49.9,48.2,46.5,44.9,43.3,41.9,40.5,39.2,37.9,36.8,35.7,34.6,33.5,32.5,31.5,30.4,29.4,28.4,27.5,26.6,25.7,24.9,24.1,23.3,22.6,21.9,21.2,20.5,52.9
Pacific island small states,,,,98.11574261,94.4371965,91.14136718,87.96425294,84.89502744,81.97756426,79.21530164,76.50477002,73.85760294,71.35785846,68.93978558,66.56031191,64.19224937,61.73988988,59.25289347,56.77235872,54.27526116,51.91612361,50.24122574,48.37307483,46.76078135,44.61046609,43.20569548,41.88289237,40.67562655,39.43912461,38.3404111,37.23086939,36.1883144,35.2430874,34.36682932,33.63968035,33.03808762,32.49565968,32.50517881,31.52074285,31.0382728,30.54785441,30.11199956,29.73545296,29.52295603,29.45354827,29.39566285,29.44369936,29.4388259,29.37894246,29.73481265,29.00958001,28.67455937,28.32063466,27.83579846,27.27060794,26.64371194,26.64371194
Post-demographic dividend,42.86834362,40.87933153,38.97224331,37.41221477,35.66118666,34.01146759,32.46243281,31.02477625,29.38670723,28.01590944,26.60311973,25.55419665,24.10074712,22.73323004,21.50407159,20.36431005,19.21738489,18.14100826,17.09823404,16.18043017,15.47273101,14.8065042,14.14932348,13.55422739,13.1261864,12.62434363,12.14464499,11.72045426,11.29309593,10.89196719,10.48657477,10.11375269,9.732641027,9.343987986,8.970300349,8.627123068,8.288561861,7.985514289,7.753249987,7.555530862,7.347012573,7.171250001,7.006770004,6.852061848,6.716964924,6.553784038,6.411543155,6.256125831,6.108561385,5.937439786,5.799499635,5.651952557,5.489552238,5.333567223,5.169438779,5.006575583,23.9374596
Qatar,,,,,,,,,,70.9,66.2,61.8,57.7,54,50.5,47.5,44.7,42.2,40,38,36.2,34.4,32.8,31.3,29.7,28.2,26.7,25.2,23.7,22.2,20.8,19.5,18.2,17.1,16.1,15.3,14.6,13.9,13.4,12.9,12.4,11.9,11.5,11.1,10.7,10.3,10,9.7,9.5,9.2,9,8.8,8.6,8.4,8.2,8,8
Russian Federation,,,,,,,,,,,44.2,42.4,40.7,39.2,37.7,36.6,35.6,34.8,34.2,33.6,33,32.5,31.9,31.3,30.7,30,29.1,28.1,27.2,26.4,26,25.9,26.1,26.3,26.4,26.4,26,25.6,25,24.2,23.2,22,20.7,19.3,18,16.7,15.5,14.4,13.5,12.7,12,11.4,10.8,10.4,9.9,9.6,9.6
Rwanda,216,211.3,207.9,206,205.3,205.7,207.1,209,211.7,215,218.7,222.6,227,232.4,238.8,244.9,249.4,250.4,245.2,233.6,218.2,201.6,186.5,174.4,166,160.1,155.3,151.6,149.4,149.3,151.8,157.3,165.9,185.4,299.6,268.3,203.3,223,234,200.6,183.8,170.2,154.7,139.4,124.4,110.7,98.6,87.8,78.3,70.6,64.1,57.7,52.1,47.8,44.3,41.7,128.85
South Asia,249.8,247.1,242.5,238.2,234.1,230.3,226.6,223.1,219.7,216.4,213.2,210,206.4,202.9,198.9,194.8,190.5,185.8,181,176.1,171.3,166.5,161.9,157.6,153.2,149.1,145,141,137.1,133.1,129.3,125.5,121.9,118.3,114.8,111.2,107.7,104.2,100.6,97.1,93.6,90.1,86.8,83.5,80.4,77.3,74.4,71.7,69.1,66.5,64,61.6,59.1,56.8,54.6,52.5,151.15
Sudan,178.4,175.2,172.2,169.3,166.5,164,161.7,159.6,157.7,156,154.6,153.3,152.1,150.8,149.6,148.3,147,145.6,144.3,143.2,142.1,140.9,139.9,138.8,137.5,136,134.5,132.8,131.1,129.3,127.5,125.7,123.9,122.1,120.2,118.2,116.1,113.9,111.4,108.8,105.9,103.1,100.2,97.3,94.5,91.9,89.3,87,84.7,82.4,80.2,78.2,76.3,74.2,72.2,70.1,124.25
Senegal,303.3,302.5,302.4,302.3,302.2,301.6,300.4,299,297,294.4,290.5,285.4,278.9,271.1,262.2,252.4,241.8,231.3,221.6,212.8,205.2,198.6,192.5,186.5,179.9,172.6,164.5,156.6,149.6,144.1,140.4,138.7,138.5,139.3,140.6,142.1,143.2,143.4,142.4,139.7,134.9,128.4,120.7,112.5,104.2,96.2,88.8,82,75.8,70.1,64.8,60,55.9,52.5,49.7,47.2,175.25
Singapore,47.8,43.8,40.5,38.2,36.5,35,33.6,32,30.3,28.7,27.4,26.1,24.3,22,19.7,17.6,16,15.2,15.1,15.2,14.8,14.1,13.2,12.3,11.6,10.9,10.4,9.8,9.2,8.4,7.7,6.9,6.3,5.8,5.4,5.2,5,4.8,4.6,4.3,4,3.7,3.4,3.2,3,2.9,2.9,2.9,2.8,2.8,2.8,2.8,2.8,2.8,2.8,2.7,25.25
Solomon Islands,195.9,185.6,175.9,166.7,157.9,149.7,141.4,132.8,124.1,115.6,107.2,99.2,91.9,85.2,79.1,73.5,68.4,63.9,59.9,56.4,53.5,51.1,49,47.3,45.8,44.5,43.3,42.3,41.4,40.6,39.7,38.9,37.9,37,36.2,35.4,34.8,34.3,33.9,33.5,33.1,32.9,32.8,32.9,33.1,33.2,33.4,33.3,33.1,32.6,32.1,31.4,30.7,29.9,28.9,28.1,112
Sierra Leone,396,390.3,384.7,378.7,372.6,366.2,359.8,353.4,346.6,340.5,334.6,329,323.6,318.4,313.4,308.7,304.2,299.8,295.7,291.5,287.6,284,280.9,277.9,275.2,272.8,270.5,268.2,266.7,265.2,264.3,263.4,262.6,261.5,259.9,257.5,254.4,250.5,246,241.1,235.8,229.9,223.9,217.4,210.8,203.7,196.2,188,179.1,169.9,160.2,150.6,141.6,133.4,126.4,120.4,258.2
El Salvador,186.9,183.3,179.6,176,172.7,169.5,166.4,163.5,160.7,158,155.1,152.1,148.9,145.5,141.7,137.4,132.7,127.8,122.4,116.7,110.7,104.5,98.2,92,86,80.4,75.2,70.6,66.5,62.8,59.4,56.3,53.2,50.3,47.4,44.5,41.7,39.1,36.6,34.4,32.4,30.6,29,27.5,26.1,24.8,23.6,22.6,21.6,20.8,20,19.3,18.6,18,17.4,16.8,101.85
Sub-Saharan Africa (excluding high income),,,,,273,268.5,261.1,258,251.4,248,244.3,240.7,237.1,233.1,222.6,218.5,214.6,210.6,206.5,204,201.3,198.2,195.2,192.5,190.1,188.2,186.6,184.9,183.3,181.8,180.3,178.9,177.4,175.8,174.8,172.3,169.2,166.3,163,158.8,154.3,149.3,143.9,138.3,132.7,127.1,121.6,116.2,111,106,101.2,96.9,92.9,89.2,86,83.1,83.1
Sub-Saharan Africa,,,,,,,260.2567391,257.267227,250.5159493,247.2913375,243.6699316,240.0776827,236.531161,232.6368281,222.5478006,218.4758,214.4887404,210.530588,206.5345165,204.0753232,201.3946356,198.2368847,195.3046595,192.687388,190.3978321,188.5117461,186.9440449,185.3381843,183.8226021,182.3524851,180.8993879,179.4445365,177.9532569,176.4884364,175.85833,173.2265513,169.904587,167.1223491,163.7761395,159.4514681,154.834546,149.7408647,144.2713028,138.6131724,132.8976178,127.2270404,121.7075897,116.3224997,111.1201358,106.162587,101.3962457,97.07518072,93.02238768,89.35777729,86.05960392,83.17997409,83.17997409
Sao Tome and Principe,,,,,,97.1,93.9,91.1,88.9,87.5,86.9,87,87.6,88.5,89.4,90.1,90.6,91,91.2,91.9,92.8,94.1,95.7,97.9,100.1,102.6,104.8,106.9,108.4,109.8,110.7,111.2,111.1,110.2,108.7,106.5,103.7,100.5,97,93.2,89.3,85.4,81.5,77.6,73.7,70.1,66.7,63.6,61,58.5,56.4,54.4,52.4,50.8,49,47.3,47.3
Sweden,19.6,19.2,18.6,17.9,17.1,16.3,15.5,14.9,14.4,13.9,13.4,12.9,12.3,11.6,10.9,10.3,9.8,9.4,9,8.7,8.5,8.2,8,7.8,7.7,7.6,7.5,7.4,7.3,7.2,6.9,6.6,6.1,5.7,5.2,4.8,4.5,4.3,4.2,4.1,4.1,4.1,4,3.9,3.7,3.6,3.4,3.3,3.2,3.1,3.1,3,3,3,3,3,11.3
Swaziland,211.7,209,205.8,202.4,198.8,195,191.2,187.3,183.5,179.7,175.8,171.3,166.1,160,153.6,146.8,140.7,134.6,129.1,124,118.7,113.1,107.2,101.1,95.1,89.5,84.4,80.3,77.2,75.2,74.7,75.8,78.8,83.7,89.9,96.9,104.3,111.3,117.7,123.3,128.3,131.6,133.1,133.7,132.7,130.2,122.7,117.2,113.8,104.2,88.4,79.1,72.6,67.6,62.6,60.7,136.2
Seychelles,102.6,100.5,98.4,96.1,93.4,90.6,87.5,84,80.1,76.1,71.9,67.7,63.4,59.2,54.8,50.4,45.8,41.5,37.4,33.6,30.4,27.6,25.3,23.4,21.8,20.5,19.5,18.6,17.8,17.1,16.5,16,15.5,15.1,14.7,14.5,14.3,14.2,14.2,14.2,14.3,14.3,14.3,14.3,14.3,14.2,14.2,14.2,14.2,14.2,14.2,14.2,14.2,14,13.8,13.6,58.1
Syrian Arab Republic,179.9,170.4,161.6,153.3,145.6,138.2,131.2,124.4,117.7,111.3,105.2,99.6,94.1,89.1,84.3,79.8,75.6,71.6,67.8,64.2,60.8,57.7,54.7,52,49.4,47,44.8,42.7,40.7,38.9,37.2,35.5,33.9,32.4,30.9,29.5,28.1,26.8,25.6,24.4,23.4,22.3,21.4,20.5,19.6,18.8,18,17.3,16.5,15.9,15.3,15,16,15.3,14.3,12.9,96.4
East Asia & Pacific (IDA & IBRD countries),,,,,,,,,,123.263748,118.0148876,113.0118903,108.1064717,103.316262,98.64943377,95.83255299,91.43325986,87.22226032,84.10451611,80.54668168,77.20851649,74.15918152,71.36387409,68.83032578,66.70027366,64.97280347,63.65340948,62.53724688,61.65240746,60.78309842,59.79882215,58.65363089,57.28265313,55.63024753,53.84020347,52.02334436,50.20346994,48.33275796,46.4116489,44.42269314,42.29478078,40.02392985,37.72711002,35.43130807,34.26164399,31.20601185,29.32560354,27.63522348,26.94151743,24.56257094,23.19101337,21.93543038,20.7690998,19.67692307,18.72642777,17.94522178,17.94522178
Togo,274.2,269.2,264.3,259.4,254.6,249.8,244.9,239.9,234.9,229.8,224.7,219.8,214.7,209.7,204.9,200.2,195.4,190.7,186.3,181.8,177.5,173.4,169.5,165.7,162.3,159,156.1,153.3,150.8,148.5,146.2,144.1,142.1,140,137.7,135.4,132.7,129.9,127,123.9,120.8,117.6,114.4,111.2,108.1,105.1,102.1,99.2,96.4,93.6,90.9,88.3,85.8,83.3,80.8,78.4,176.3
Thailand,147.9,142.7,137.7,132.8,128,123.3,118.6,113.9,109.2,104.5,99.7,94.9,90.2,85.7,81.4,77.4,73.7,70.1,66.8,63.8,60.9,58.2,55.6,53.1,50.7,48.3,46,43.7,41.5,39.2,37,35,33.1,31.3,29.7,28.3,27,25.8,24.6,23.5,22.5,21.5,20.5,19.6,18.7,17.8,17,16.3,15.6,15,14.5,14,13.5,13.1,12.6,12.3,80.1
Latin America & the Caribbean (IDA & IBRD countries),169.0048598,164.4133331,160.1036037,150.3583533,146.6313228,142.4684517,138.8443958,135.3007923,131.7477447,125.2893579,121.9035294,118.445615,114.9313847,111.4738467,107.9770497,104.4419779,100.8527685,97.14024573,93.39648455,89.53100684,85.69702682,81.86242829,78.15181232,74.62350774,71.32289833,68.22033964,65.29434564,62.48997545,59.85865903,57.35220694,54.90574029,52.49582914,50.09610379,47.71750736,45.33589458,42.98871281,40.69205829,38.45821364,36.66531385,34.49966281,32.33792482,30.5789454,28.93751904,27.4752407,26.15555264,24.91875892,23.86735361,22.95501672,22.11366201,21.3546308,23.87237076,20.02810935,19.45636609,18.92798495,18.49666483,18.10323322,93.55404653
Middle East & North Africa (IDA & IBRD countries),257.6838968,250.0075884,243.9916836,248.7882319,241.7659494,235.0965905,228.8123446,222.8099529,217.0606944,211.5294413,206.119678,197.586806,191.3105945,184.7701096,177.7934847,170.3297349,162.5328081,154.4167078,146.1084718,137.7593705,129.3715789,121.0098389,112.7550353,104.8671296,97.43067496,90.71978905,84.9311964,79.97214443,75.76086782,72.2205446,69.17656575,66.49305567,63.97779666,61.60528043,59.220144,56.92958038,54.65184672,52.46466405,50.25218113,48.1410559,46.06088863,44.02739201,42.07169164,40.19963963,38.41336149,36.72066173,35.10921274,33.59453567,32.12801097,30.81519516,29.54278128,28.46383618,27.49508539,26.58639499,25.68433512,24.90455923,141.294228
Tonga,,,,81.9,76.5,71.5,66.7,62.2,57.8,53.8,50.2,46.9,44,41.5,39.3,37.2,35.3,33.6,32.1,30.7,29.4,28.3,27.4,26.6,26,25.4,24.8,24.1,23.4,22.7,21.9,21.1,20.4,19.8,19.3,18.9,18.6,18.4,18.1,17.9,17.6,17.3,17,16.8,16.7,16.7,16.7,16.8,17,17.2,17.4,17.5,17.5,17.3,17.1,16.7,16.7
South Asia (IDA & IBRD),249.7610885,247.0975361,242.6320214,238.2625915,234.2099081,230.3665871,226.6512788,223.1817926,219.7583288,216.5597976,213.3422952,210.0928508,206.5825652,202.990547,199.0601776,194.9752899,190.5991751,185.8446119,181.0493165,176.079102,171.2223433,166.485854,161.9671337,157.6469897,153.3695951,149.291255,145.2010858,141.1766243,137.1512216,133.1393359,129.3028605,125.5367659,121.9403393,118.3665869,114.8589486,111.3255022,107.8021979,104.3136642,100.6884613,97.16314489,93.60709108,90.1713579,86.8434573,83.65256802,80.63857502,77.55538375,74.65962856,71.88494753,69.21229987,66.58101631,64.04189059,61.57866646,59.09322268,56.82418113,54.62570336,52.5841596,151.172624
Sub-Saharan Africa (IDA & IBRD countries),,,,,,,260.2567391,257.267227,250.5159493,247.2913375,243.6699316,240.0776827,236.531161,232.6368281,222.5478006,218.4758,214.4887404,210.530588,206.5345165,204.0753232,201.3946356,198.2368847,195.3046595,192.687388,190.3978321,188.5117461,186.9440449,185.3381843,183.8226021,182.3524851,180.8993879,179.4445365,177.9532569,176.4884364,175.85833,173.2265513,169.904587,167.1223491,163.7761395,159.4514681,154.834546,149.7408647,144.2713028,138.6131724,132.8976178,127.2270404,121.7075897,116.3224997,111.1201358,106.162587,101.3962457,97.07518072,93.02238768,89.35777729,86.05960392,83.17997409,83.17997409
Trinidad and Tobago,68.5,66,63.7,61.6,59.7,58,56.6,55.2,53.9,52.8,51.6,50.6,49.5,48.3,47.2,46,44.7,43.4,42,40.7,39.5,38.3,37,35.9,34.9,34,33.1,32.3,31.6,31,30.5,30,29.7,29.4,29.2,29,28.9,28.8,28.8,28.7,28.7,28.6,28.3,28,27.5,26.9,26.3,25.6,24.9,24.3,23.6,22.9,22.2,21.5,20.9,20.4,44.45
Tunisia,,,267.8,256.3,244.7,233.5,222.3,211.2,200.6,190.3,180.6,171.1,162.1,153,144.1,135.1,126.3,117.7,109.6,102.3,95.7,89.9,84.6,80,75.6,71.5,67.9,64.7,61.9,59.3,57,54.8,52.5,50.1,47.5,44.9,42.1,39.3,36.5,34,31.7,29.6,27.8,26,24.5,23,21.7,20.5,19.4,18.3,17.4,16.5,15.8,15.2,14.6,14,14
Turkey,249,242.3,235.5,228.7,221.9,215.4,209.3,203.4,197.8,192.3,186.9,181.5,175.9,170.3,164.5,158.6,152.7,146.7,140.7,134.7,128.7,122.7,116.7,110.7,104.9,99.3,93.9,88.7,83.7,79,74.5,70.3,66.3,62.4,58.8,55.2,51.8,48.6,45.4,42.4,39.6,36.9,34.4,32,29.7,27.7,25.7,23.9,22.2,20.6,19.1,17.8,16.5,15.4,14.3,13.5,131.25
Tanzania,244.1,242,240,237.8,235.2,232.4,229.1,225.9,222.3,218.9,215.5,212.3,208.9,205.5,201.9,198.3,194.5,190.5,186.7,183.4,181.1,179.7,178.7,178.3,177.5,176.3,174.5,172.1,169.4,167.1,165.2,163.9,162.6,161.5,159.9,157.6,154.3,149.9,144.5,137.9,130.6,122.6,114.7,106.9,99.4,92.4,85.8,79.5,73.7,68.6,63.4,58.9,55.7,53.3,50.5,48.7,146.4
Uganda,223.8,219.1,214.9,210.8,207,203.2,199.8,196.5,193.4,191,189.5,189.1,189.9,191.9,194.9,198.7,203.2,207.7,211.8,214.6,215.6,214.4,210.4,205,199.8,195.8,193.2,191.8,190.9,189.5,187.1,183.7,179.6,175.6,172.2,169.5,166.9,163.9,159.9,154.8,148.4,141,132.8,124.2,115.6,107.4,99.7,92.5,85.9,80.1,75.2,69.8,64.1,60.3,56.9,54.6,139.2
Upper middle income,,,,,,,,,,122.4,117.1,113.8,108.9,104,100,95.3,90.9,86.8,83,79.1,76.7,73.2,69.9,66.8,63.9,61.7,59.8,58.3,57.3,56.3,55.4,54.3,53.1,51.6,50,48.3,46.7,45,43.2,41.4,39.6,37.7,35.8,33.9,32.1,30.5,28.9,27.6,26.5,25.3,24,22.9,21.8,20.7,19.8,19.1,19.1
Uruguay,64,62.6,61,59.6,58.6,58,57.6,57.1,56.3,55.4,54.3,53.5,53.5,54.3,55.2,55.4,54.5,52.2,48.6,44.4,40,36.1,33.2,31.2,29.8,28.6,27.5,26.3,25.1,24,23.1,22.3,21.8,21.5,21.1,20.6,20,19.2,18.3,17.5,16.8,16.2,15.8,15.3,14.8,14.3,13.8,13.3,13,12.7,12.3,12,11.6,11.1,10.6,10.1,37.05
United States,30.1,29.5,28.9,28.3,27.7,27.1,26.4,25.7,24.9,24.1,23.3,22.4,21.5,20.6,19.7,18.8,17.9,17.1,16.3,15.6,15,14.4,13.9,13.4,13,12.7,12.4,12.2,11.9,11.6,11.2,10.9,10.5,10.1,9.8,9.5,9.2,8.9,8.7,8.6,8.4,8.3,8.2,8.1,8.1,8,7.9,7.8,7.7,7.5,7.4,7.2,7.1,6.9,6.7,6.5,18.3
St. Vincent and the Grenadines,,,,,,,,,,79.5,80.4,81.1,81.4,81.1,80,78,75.2,71.6,67.4,62.6,57.7,52.6,47.6,42.9,38.6,34.9,31.8,29.3,27.3,25.7,24.5,23.6,23,22.6,22.4,22.4,22.4,22.4,22.4,22.3,22.2,22.1,22,21.9,21.8,21.8,21.7,21.6,21.4,21.1,20.8,20.3,19.8,19.3,18.8,18.3,18.3
"Venezuela, RB",81.1,78.3,75.9,73.8,72,70.4,68.9,67.5,66,64.3,62.6,60.6,58.8,56.8,55,53.2,51.4,49.6,47.7,45.8,43.9,42.1,40.3,38.8,37.4,36.1,34.8,33.5,32.1,30.8,29.6,28.6,27.8,27.3,26.8,26.3,25.5,24.5,23.5,27.7,21.7,21,20.4,19.8,19.2,18.5,17.9,17.4,17.1,16.8,16.6,16.4,16.1,15.7,15.3,14.9,48
Vietnam,,,,,95,93.3,91.8,90.3,88.8,87.3,85.7,84.2,82.6,81,79.3,77.6,75.9,74.1,72.3,70.5,68.7,66.9,65.3,63.6,62,60.3,58.5,56.7,54.8,52.8,50.8,48.8,46.8,44.8,43,41.2,39.5,38,36.5,35.1,33.8,32.5,31.4,30.4,29.4,28.5,27.7,26.9,26.2,25.5,24.8,24.2,23.5,22.9,22.3,21.7,21.7
Vanuatu,155.2,151,147,142.4,137.7,132.9,128.1,123,118.1,113.2,108.6,104.2,99.9,95.9,92.1,88.5,84.8,81.1,77.1,73,68.7,64.3,59.9,55.6,51.5,47.8,44.6,41.7,39.3,37.3,35.6,34.1,32.9,31.9,31,30.4,29.9,34.1,29.1,28.8,28.5,28.2,27.9,27.9,27.9,27.9,28,28.2,28.2,28.4,28.5,28.6,28.6,28.4,28.1,27.5,91.35
World,182.7,180.4,177.1,174.1,175.2,172.8,171.2,168.9,163.7,149.8,144.9,141.4,138.3,135.1,132,129.4,126.6,123.9,121.4,119,116.4,113.3,110.3,107.3,104.1,101.2,98.6,96.2,94,92.1,90.6,89.2,88.2,87.3,86.5,85.3,84,82.5,80.6,78.3,75.9,73.4,70.7,67.9,65.5,62.6,60.1,57.8,55.8,53.5,51.7,49.4,47.4,45.6,43.9,42.5,112.6
"Yemen, Rep.",,,,406.1,397.7,388.2,377.9,366.5,354.6,341.8,329.3,317,305.2,294.2,283,271.6,259.5,246.9,234,221.2,208.4,196,184.1,173,163.1,154.4,147,140.7,135.2,130.4,126.3,122.8,119.6,116.8,114.4,112.2,109.8,107.2,103.8,99.9,95.4,90.7,85.9,81.3,76.8,72.6,68.5,64.7,61,57.6,54.2,51.1,48.4,46,43.8,41.9,41.9
"Congo, Dem. Rep.",,,,,,,,,,251.7,248.1,244.8,241.4,237.7,234.2,230.3,226.4,222.7,219,215.4,212,208.8,205.7,202.8,200.1,197.7,195.3,193,190.8,188.5,186.5,184.3,182.3,180.3,178.3,176.4,174.1,171.5,168.4,164.9,161,156.8,152.4,147.8,143.2,138.4,133.5,128.9,124.5,120.1,116.1,112.2,108.5,104.8,101.7,98.3,98.3
Zambia,207.3,203,199,195.4,192.3,190.3,189,188.2,187.1,185,181.6,176.7,171.1,165.4,160.7,157.2,155.4,155,155.4,156,156.8,158.5,160.9,164.5,169.2,174.7,180.1,184.7,188,190,190.6,190.3,189.4,187.5,184.5,181.1,178.1,175.7,172.9,169.1,163.1,154.2,142.9,131.2,120.6,111.7,104.5,98,93.1,87.4,82.1,78.6,74.4,70.2,66.6,64,135.65
Zimbabwe,150.7,146.1,141.6,137.2,132.8,128.6,124.7,121.1,118.1,115.8,114,112.6,111.7,111.1,110.7,110.4,110,109.4,108.4,106.4,103.4,99.4,94.7,89.8,84.9,80.6,77.1,74.6,73.5,73.9,75.8,78.8,82.7,87,91.2,95.5,99.2,102,103.9,105.2,105.8,105.6,105.1,104,103,101.9,100,98,95.4,92.9,89.5,85.6,78.5,74.5,72.3,70.7,110.7
Total,18593.20414,18783.68418,18793.11607,20394.3457,21928.88912,22391.06795,23112.62093,23140.48918,23225.24775,24624.71565,24500.95509,24446.34689,24394.09502,23756.42405,23470.68783,23507.4657,23167.56132,22589.76826,22484.52139,22349.12097,21915.05626,21424.73325,20890.08795,20738.65026,20342.20535,19779.14171,19766.00261,19259.84557,18814.76785,18356.98292,18046.61582,17676.12101,17327.45356,17002.12819,16774.2944,16382.97049,15939.95364,15579.92657,15199.92617,14706.11873,14220.55061,13718.26562,13205.42669,12696.30137,12226.3589,11710.32417,11239.35805,10787.48654,10388.79288,9933.592317,9664.9787,9140.156618,8782.726678,8455.197018,8153.24552,7884.870616,